route,segment,t,engaged,v_med_kmh,curv_abs,straight,weave_amp_m,weave_std_m,steer_reversals_min,lat_accel_std,lat_jerk_std,track_err_curv,lane_prob_inner,err_2s_med,exposure
data,segment_0,11155412227542,False,12.7,0.0028456554605119496,False,0.0043,0.0014,36.0,0.0988,1.271,0.0,0.014,0.0177,
data,segment_0,11156417283742,False,12.7,0.002984048304697813,False,0.0162,0.0026,48.0,0.1514,1.065,0.0,0.007,0.021,
data,segment_0,11166421139350,False,13.2,0.017436245094413938,False,0.0461,0.0086,0.0,0.1899,1.453,0.0,0.216,0.125,
data,segment_0,11167417913905,False,14.7,0.01052315448051857,False,0.0268,0.0061,12.0,0.2292,1.869,0.0,0.222,0.1015,
data,segment_0,11168419691789,False,14.9,0.006026051909695529,False,0.0943,0.0172,12.0,0.1992,2.088,0.0,0.231,0.1077,
data,segment_0,11169418697986,False,16.0,0.002706832166425976,False,0.0899,0.0228,24.0,0.2009,2.365,0.0,0.226,0.1284,
data,segment_0,11175414237042,True,21.2,0.0004903320733730358,True,0.0133,0.003,72.0,0.1374,1.588,0.000824,0.214,0.1202,
data,segment_0,11176420320963,True,21.4,0.000346523119749608,True,0.0122,0.0025,60.0,0.1252,1.524,0.000814,0.216,0.126,
data,segment_0,11177419547443,True,21.9,0.00028952807631444147,True,0.0071,0.0015,60.0,0.1218,1.459,0.000727,0.219,0.1322,
data,segment_1,11183162464706,True,22.1,0.000763456744607538,True,0.0116,0.002,192.0,0.1017,2.19,0.001618,0.683,0.2112,
data,segment_1,11184170502397,True,21.8,0.0007588413335056623,True,0.0165,0.0047,204.0,0.1052,2.199,0.00149,0.747,0.2086,
data,segment_1,11185171567755,True,21.0,0.0006384283843236579,True,0.0118,0.0028,228.0,0.1052,2.28,0.001091,0.747,0.122,
data,segment_1,11186171528770,True,19.0,0.000541216778125814,True,0.013,0.0029,252.0,0.1204,2.4,0.000933,0.699,0.0777,
data,segment_1,11214171622180,True,14.2,0.0007718186918162859,True,0.0083,0.0027,156.0,0.0759,0.928,0.000835,0.156,0.0553,
data,segment_1,11237171784521,True,20.2,0.0017452987376600504,True,0.0116,0.0019,36.0,0.0816,1.375,0.000619,0.336,0.0699,
data,segment_2,11243169311271,True,21.7,0.0005460432649040046,True,0.0086,0.0019,48.0,0.0698,1.429,0.00094,0.265,0.1353,
data,segment_2,11244172845195,True,21.7,0.0005208805373855495,True,0.0103,0.002,72.0,0.0663,1.319,0.000791,0.271,0.1185,
data,segment_2,11245169733287,True,21.7,0.0004951100576342305,True,0.0134,0.0032,48.0,0.0627,1.267,0.000755,0.276,0.1183,
data,segment_2,11246171756786,True,21.7,0.0005666305660270154,True,0.0078,0.0014,72.0,0.068,1.283,0.000838,0.334,0.1198,
data,segment_2,11247176082448,True,21.5,0.0005536596704154745,True,0.0075,0.0015,72.0,0.0719,1.339,0.000983,0.402,0.1264,
data,segment_2,11248170792791,True,21.4,0.0004965468572069936,True,0.0092,0.002,84.0,0.0866,1.509,0.000985,0.412,0.1231,
data,segment_2,11249174929443,True,21.2,0.00044203971629031,True,0.0045,0.0009,108.0,0.0928,1.544,0.000938,0.404,0.1141,
data,segment_2,11250169516606,True,20.6,0.00029352286946959794,True,0.002,0.0004,120.0,0.1123,1.727,0.000942,0.288,0.0786,
data,segment_2,11251173847571,True,18.8,0.0002669390283857483,True,0.0079,0.0016,156.0,0.1136,1.795,0.000828,0.103,0.0582,
data,segment_2,11252169420479,True,16.1,0.0002289906080170643,True,0.0076,0.0014,168.0,0.1185,1.816,0.000793,0.041,0.0517,
data,segment_2,11264171717224,True,16.9,0.002173155066163096,False,0.0267,0.0059,132.0,0.0895,1.097,0.000743,0.208,0.0777,
data,segment_2,11265170475780,True,16.7,0.0012095594842190958,True,0.011,0.0026,96.0,0.0624,0.766,0.000672,0.226,0.0655,
data,segment_2,11266170504657,True,15.1,0.0008470548158782543,True,0.013,0.0034,84.0,0.0679,0.761,0.000962,0.269,0.0658,
data,segment_2,11267174946933,True,13.7,0.0008470548158782543,True,0.005,0.0013,60.0,0.0537,0.797,0.001011,0.27,0.072,
data,segment_2,11268171166084,True,13.4,0.0009664411020081899,True,0.0044,0.0009,36.0,0.0484,0.773,0.000964,0.242,0.0658,
data,segment_2,11269174637970,True,13.1,0.0007197539549656743,True,0.0057,0.0016,48.0,0.0431,0.761,0.000952,0.216,0.0582,
data,segment_2,11270177884548,True,12.7,0.0007768559470123194,True,0.0034,0.0005,48.0,0.0478,0.778,0.001041,0.196,0.0587,
data,segment_2,11271172612907,True,12.7,0.0007577526471465939,True,0.0022,0.0004,120.0,0.0855,2.308,0.000887,0.156,0.0537,
data,segment_2,11281169925334,False,17.7,0.009533353148302469,False,0.3341,0.0667,24.0,0.6285,2.839,0.0,0.022,0.6931,
data,segment_2,11282171512978,False,17.7,0.03881255767137115,False,0.6447,0.134,12.0,0.6182,3.654,0.0,0.013,0.9971,
data,segment_2,11283175623716,False,15.6,0.0863173761121609,False,1.4371,0.2892,36.0,0.5784,5.292,0.0,0.011,0.9971,
data,segment_2,11284170408917,False,14.0,0.10308842811761292,False,4.113,0.7882,36.0,0.4921,5.378,0.0,0.011,0.8665,
data,segment_2,11285174489339,False,14.0,0.10272489772626013,False,7.9873,1.6285,36.0,0.5846,5.383,0.0,0.011,0.7301,
data,segment_2,11291171348802,True,20.6,0.001696042696325109,True,0.0043,0.0006,60.0,0.1662,2.81,0.000303,0.459,0.0264,
data,segment_2,11292175834768,True,20.7,0.0017046946729963942,True,0.0316,0.0062,120.0,0.2217,3.422,0.000316,0.456,0.0321,
data,segment_2,11293170282720,True,20.7,0.0017046946729963942,True,0.0365,0.0088,192.0,0.2355,3.546,0.00046,0.391,0.0805,
data,segment_2,11294174688319,True,20.7,0.0021237186351475462,False,0.0242,0.004,228.0,0.2487,3.388,0.0016,0.228,0.1795,
data,segment_2,11295171230783,True,20.6,0.006633342593086841,False,0.0364,0.0066,276.0,0.2512,3.596,0.00198,0.224,0.3305,
data,segment_2,11296173540923,True,20.4,0.008443005451857348,False,0.0384,0.0086,336.0,0.2614,3.668,0.002115,0.226,0.3743,
data,segment_2,11297177798031,True,20.3,0.008597287349402905,False,0.0164,0.0028,324.0,0.2604,3.081,0.002189,0.267,0.3925,
data,segment_3,11303168612002,True,24.9,0.0006254189575677874,True,0.009,0.002,132.0,0.1142,1.917,0.000388,0.781,0.0701,
data,segment_3,11304169574095,True,26.2,0.00047609904862204705,True,0.0172,0.0033,96.0,0.1218,1.999,0.000378,0.851,0.0783,
data,segment_3,11305173475780,True,27.0,0.00030236222754734775,True,0.0146,0.004,108.0,0.1298,2.217,0.0004,0.865,0.0751,
data,segment_3,11306173102704,True,27.6,0.0002206202771048993,True,0.007,0.002,132.0,0.1222,2.208,0.00042,0.869,0.0783,
data,segment_3,11307172564318,True,28.3,0.00030191329018674807,True,0.0068,0.0016,132.0,0.119,2.096,0.000474,0.86,0.0684,
data,segment_3,11308169379765,True,28.4,0.00033173897958400353,True,0.007,0.0014,156.0,0.1101,1.982,0.000472,0.849,0.0809,
data,segment_3,11309171422178,True,28.4,0.0003771924530155957,True,0.0207,0.0033,180.0,0.1477,2.223,0.000435,0.835,0.0677,
data,segment_3,11310170963106,True,28.3,0.00048371583846878037,True,0.0229,0.006,168.0,0.1456,2.035,0.000375,0.836,0.0568,
data,segment_3,11311170624757,True,27.2,0.000594035425678406,True,0.0174,0.0038,144.0,0.1421,1.999,0.000431,0.833,0.0588,
data,segment_3,11312174467261,True,26.5,0.0006494849945849808,True,0.0323,0.0081,132.0,0.1463,1.963,0.000408,0.833,0.0607,
data,segment_3,11313169716757,True,25.9,0.0007179945741029924,True,0.0182,0.0032,120.0,0.145,1.891,0.00041,0.844,0.0517,
data,segment_3,11314173616130,True,25.6,0.0007583428694829402,True,0.0211,0.006,132.0,0.1108,1.549,0.000408,0.852,0.0515,
data,segment_3,11315171242785,True,25.5,0.0006943544971802582,True,0.0117,0.0026,144.0,0.0837,1.57,0.000442,0.848,0.0496,
data,segment_3,11316174546652,True,25.5,0.0008178000571206212,True,0.0092,0.0021,216.0,0.16,2.708,0.000407,0.823,0.041,
data,segment_3,11317170589500,True,25.5,0.0009877676726079603,True,0.0076,0.0022,192.0,0.162,2.912,0.000402,0.801,0.0379,
data,segment_3,11318172345079,True,25.7,0.001103791823881051,True,0.0168,0.0042,156.0,0.1667,2.928,0.000329,0.781,0.0349,
data,segment_3,11319170836959,True,25.7,0.001213538700249935,True,0.014,0.0027,120.0,0.1707,2.834,0.000344,0.785,0.0358,
data,segment_3,11320172899711,True,26.3,0.001376179357856451,True,0.0109,0.0027,72.0,0.1695,2.815,0.00037,0.806,0.0453,
data,segment_3,11321174743406,True,27.0,0.0014011478686321041,True,0.007,0.001,12.0,0.0868,1.525,0.000462,0.824,0.0798,
data,segment_3,11322171371276,True,27.3,0.0014173315334769427,True,0.0028,0.0007,0.0,0.0682,1.412,0.000604,0.829,0.1203,
data,segment_3,11323173527665,True,27.6,0.0014989178398988686,True,0.0025,0.0005,12.0,0.0654,1.446,0.000848,0.824,0.1502,
data,segment_3,11324168839271,True,27.7,0.0015796816555095025,True,0.0203,0.0027,48.0,0.0974,1.526,0.001104,0.798,0.1584,
data,segment_3,11325173002465,True,27.7,0.0016358362045139074,True,0.0335,0.0087,84.0,0.1019,1.655,0.001122,0.767,0.1466,
data,segment_3,11326173341718,True,26.9,0.0022992775257579022,False,0.0305,0.0069,108.0,0.1085,1.601,0.00115,0.719,0.1049,
data,segment_3,11327171804832,True,24.4,0.002475483575835824,False,0.0378,0.0105,144.0,0.1174,1.478,0.001053,0.633,0.0666,
data,segment_3,11328170852039,True,20.8,0.0035461436044311573,False,0.0453,0.0079,156.0,0.1304,1.494,0.000917,0.579,0.0586,
data,segment_3,11329170287773,True,16.7,0.004092755191367254,False,0.0563,0.0121,156.0,0.1221,1.531,0.000826,0.417,0.0666,
data,segment_3,11330174525694,True,16.1,0.0025898994344956696,False,0.0761,0.0159,168.0,0.1352,1.574,0.000844,0.386,0.0507,
data,segment_3,11331169277303,True,16.1,0.002609630053152981,False,0.0638,0.0125,168.0,0.1484,1.749,0.00092,0.343,0.0525,
data,segment_3,11332173554020,True,16.7,0.0019656842436664903,True,0.0496,0.0135,144.0,0.1504,1.776,0.000756,0.329,0.0544,
data,segment_3,11333169817817,True,20.0,0.0012020657304674387,True,0.0278,0.004,132.0,0.1347,1.827,0.000682,0.325,0.0602,
data,segment_3,11334172377867,True,23.7,0.0011679424155311893,True,0.0192,0.0035,132.0,0.1446,1.85,0.000585,0.33,0.0591,
data,segment_3,11335169183986,True,26.9,0.0012645629467442632,True,0.0425,0.0106,144.0,0.2092,1.857,0.000581,0.329,0.0678,
data,segment_3,11336171352481,True,29.0,0.0013024350154370297,True,0.0331,0.0071,168.0,0.2322,1.965,0.000563,0.332,0.0808,
data,segment_3,11337168987267,True,30.9,0.0024411864955156187,False,0.0555,0.0155,156.0,0.2634,1.987,0.000536,0.369,0.0848,
data,segment_3,11338170729782,True,31.7,0.0024411864955156187,False,0.0478,0.0075,168.0,0.2148,2.267,0.00054,0.613,0.0578,
data,segment_3,11339174519574,True,31.9,0.002425177612500915,False,0.0204,0.0049,156.0,0.1748,2.082,0.000474,0.766,0.0578,
data,segment_3,11340169121065,True,31.9,0.0021242782425045827,False,0.0094,0.0023,96.0,0.1794,2.077,0.000398,0.826,0.0734,
data,segment_3,11341173592289,True,31.7,0.001710877472484519,True,0.0105,0.0023,48.0,0.1825,2.004,0.000397,0.838,0.0902,
data,segment_3,11342172610561,True,31.4,0.0013599662093895155,True,0.0085,0.002,48.0,0.1422,1.936,0.00037,0.837,0.0976,
data,segment_3,11343174860498,True,31.4,0.0013372343843916076,True,0.0075,0.0015,24.0,0.1601,2.971,0.000339,0.831,0.1052,
data,segment_3,11344177217774,True,31.4,0.0013055878330917319,True,0.0064,0.0017,36.0,0.1487,3.089,0.000327,0.809,0.1092,
data,segment_3,11345173391027,True,31.7,0.0013060384486698528,True,0.0145,0.0031,36.0,0.1541,3.171,0.000253,0.782,0.0845,
data,segment_3,11346172786727,True,31.8,0.0012929135700687766,True,0.0138,0.0036,36.0,0.1742,3.247,0.000182,0.784,0.0574,
data,segment_3,11347170217228,True,31.9,0.0012938738545401822,True,0.0125,0.0029,24.0,0.1865,3.465,0.000146,0.824,0.0494,
data,segment_3,11348174578336,True,32.1,0.0012810342380018699,True,0.0111,0.0017,12.0,0.1665,2.845,0.000115,0.942,0.0432,
data,segment_3,11349169669845,True,32.2,0.0012700144434347749,True,0.0017,0.0004,0.0,0.202,2.886,0.000129,0.952,0.0332,
data,segment_3,11350173436751,True,32.3,0.0011525474983702724,True,0.003,0.0008,0.0,0.2061,2.828,0.000154,0.958,0.0326,
data,segment_3,11351177724314,True,32.4,0.001097742933779955,True,0.005,0.0007,12.0,0.195,2.605,0.000154,0.961,0.0397,
data,segment_3,11352172720820,True,32.4,0.0010629631379992569,True,0.0075,0.0021,24.0,0.1584,2.283,0.000229,0.956,0.0476,
data,segment_3,11353168924942,True,32.4,0.0008300825475127302,True,0.0063,0.0011,24.0,0.1269,2.226,0.000309,0.952,0.1012,
data,segment_3,11354173282706,True,32.3,0.0005473200581036508,True,0.0033,0.0007,36.0,0.1115,2.1,0.000378,0.948,0.1132,
data,segment_3,11355170296901,True,32.3,0.0004222847055643797,True,0.0064,0.0011,36.0,0.1059,2.053,0.000279,0.946,0.1144,
data,segment_3,11356170250740,True,32.3,0.00021622470663816074,True,0.0139,0.0034,12.0,0.101,2.138,0.000263,0.94,0.1134,
data,segment_3,11357174814376,True,32.2,0.0001976322333935187,True,0.0117,0.0022,12.0,0.0967,2.179,0.000233,0.941,0.1085,
data,segment_5,11442172600100,True,20.9,0.0005823705141078095,True,0.0115,0.0029,24.0,0.1367,2.09,0.000731,0.797,0.1317,
data,segment_5,11443172521904,True,22.3,0.0008646581900357954,True,0.0065,0.0017,96.0,0.1543,2.136,0.00123,0.77,0.204,
data,segment_5,11444171855079,True,23.0,0.0030055759752800086,False,0.0086,0.0022,144.0,0.1564,2.079,0.001592,0.748,0.2654,
data,segment_5,11445175758626,True,23.1,0.004279025083865225,False,0.0098,0.0025,228.0,0.1484,2.106,0.001805,0.709,0.2881,
data,segment_5,11446170729804,True,23.0,0.004575535344857698,False,0.0087,0.0017,276.0,0.1335,2.032,0.001929,0.626,0.3296,
data,segment_5,11447174755582,True,21.7,0.005956650702576943,False,0.0223,0.0056,312.0,0.1731,2.276,0.002095,0.263,0.313,
data,segment_5,11448169537752,True,19.4,0.0068137754716836975,False,0.0245,0.0046,300.0,0.1799,2.445,0.002172,0.23,0.3288,
data,segment_5,11449173778312,True,17.8,0.007090248361179273,False,0.0296,0.0077,312.0,0.1795,2.571,0.001844,0.21,0.2833,
data,segment_5,11450171075605,True,16.9,0.007048975475256092,False,0.0395,0.0094,288.0,0.1903,2.806,0.001909,0.182,0.224,
data,segment_5,11451172988738,True,16.0,0.006659820899757851,False,0.0379,0.0071,300.0,0.2071,3.229,0.001834,0.165,0.1899,
data,segment_7,11561162818909,True,12.9,0.030502265319228172,False,0.0344,0.0079,192.0,0.1725,1.811,0.003004,0.037,1.0159,
data,segment_7,11562167647821,True,13.1,0.030544915389297857,False,0.0705,0.0174,180.0,0.1528,1.69,0.002726,0.048,0.9935,
data,segment_7,11563171668737,True,13.1,0.03067409355169592,False,0.0452,0.0079,180.0,0.1432,1.689,0.002215,0.08,0.9558,
data,segment_7,11564165599875,True,13.3,0.023758227792960832,False,0.0091,0.0015,192.0,0.1362,1.452,0.001794,0.08,0.6396,
data,segment_7,11597165516242,True,13.6,0.02319917207415185,False,0.0397,0.0116,252.0,0.4702,6.022,0.002683,0.089,0.5844,
data,segment_8,11603159484405,True,14.0,0.004166372368527973,False,0.0245,0.0051,132.0,0.1838,1.885,0.000904,0.14,0.0925,
data,segment_8,11604166705841,True,13.3,0.0032475092338411175,False,0.0203,0.0054,144.0,0.2215,1.897,0.000766,0.165,0.0733,
data,segment_8,11605168411726,True,13.3,0.0022954824313155923,False,0.0184,0.004,144.0,0.3087,3.387,0.000902,0.227,0.0793,
data,segment_8,11606162894616,True,13.3,0.0010873927852872506,True,0.0272,0.0059,192.0,0.3215,3.826,0.000902,0.298,0.0828,
data,segment_8,11607169391072,True,16.4,0.0009990110498497525,True,0.0099,0.0024,192.0,0.3404,4.131,0.00106,0.315,0.0908,
data,segment_8,11608161659344,True,19.6,0.0010242414427921176,True,0.0349,0.0067,228.0,0.337,4.115,0.001271,0.351,0.1492,
data,segment_8,11609166083780,True,22.3,0.0012434640666469932,True,0.023,0.0058,216.0,0.3471,4.121,0.00174,0.351,0.1944,
data,segment_8,11610160974308,True,24.2,0.006044277075007409,False,0.0321,0.0069,180.0,0.2861,2.875,0.00215,0.411,0.4276,
data,segment_8,11611169300125,True,25.8,0.006258021209063065,False,0.0399,0.0079,132.0,0.287,2.472,0.002457,0.427,0.5259,
data,segment_8,11612159610071,True,27.4,0.008262133630902445,False,0.0208,0.0038,156.0,0.1693,2.155,0.002569,0.453,0.5561,
data,segment_8,11613165326023,True,28.5,0.00838516766925377,False,0.051,0.0075,120.0,0.1319,1.912,0.002559,0.461,0.5561,
data,segment_8,11614168407685,True,28.7,0.008354522579004368,False,0.125,0.0276,96.0,0.2574,1.886,0.00233,0.461,0.5211,
data,segment_8,11615163344820,True,28.8,0.008349867016800266,False,0.1081,0.0214,84.0,0.3614,1.919,0.001528,0.53,0.3482,
data,segment_8,11616168842182,True,28.9,0.003289365169423404,False,0.063,0.013,84.0,0.3856,1.982,0.000488,0.836,0.187,
data,segment_8,11617164058421,True,28.9,0.000992116096630062,True,0.0736,0.0166,60.0,0.2875,1.811,0.000279,0.898,0.0925,
data,segment_8,11618167239710,True,28.9,0.00026946529350596854,True,0.039,0.0067,72.0,0.1369,1.84,0.000182,0.902,0.0908,
data,segment_8,11619161191508,True,28.6,0.000208018385796661,True,0.0084,0.0012,108.0,0.1242,1.95,0.000173,0.902,0.0795,
data,segment_8,11620165484322,True,27.4,0.00020770600531250238,True,0.0063,0.0011,108.0,0.1203,1.817,0.000269,0.799,0.0798,
data,segment_8,11621159620799,True,26.6,0.0002326895368037905,True,0.0064,0.0015,108.0,0.1116,1.735,0.000327,0.739,0.0837,
data,segment_8,11622169205313,True,26.2,0.00037876912392675877,True,0.0026,0.0007,60.0,0.1028,1.642,0.000447,0.7,0.0945,
data,segment_8,11623169233470,True,25.1,0.00041227340516652186,True,0.0172,0.003,36.0,0.1045,1.66,0.00048,0.683,0.0832,
data,segment_8,11624163087818,True,24.8,0.00046320359286868836,True,0.0143,0.0035,12.0,0.0995,1.623,0.000505,0.64,0.0832,
data,segment_8,11625167364532,True,24.8,0.0009642539080232382,True,0.0072,0.0018,24.0,0.1076,1.717,0.000464,0.443,0.0834,
data,segment_8,11626162188637,True,24.8,0.0010545750828462772,True,0.0178,0.0039,60.0,0.1104,1.795,0.000418,0.411,0.0712,
data,segment_8,11627166858981,True,25.7,0.0012393578654155135,True,0.0316,0.0061,96.0,0.1458,2.304,0.000434,0.386,0.0583,
data,segment_8,11628163012362,True,27.3,0.0012393578654155135,True,0.0236,0.005,108.0,0.1594,2.629,0.000457,0.359,0.0583,
data,segment_8,11629165207212,True,28.9,0.0008546670272636307,True,0.0348,0.0093,132.0,0.1773,2.766,0.00048,0.33,0.0694,
data,segment_8,11630159820798,True,30.0,0.0006203053138180628,True,0.0342,0.0065,156.0,0.1849,3.069,0.000489,0.321,0.0716,
data,segment_8,11631168729072,True,30.9,0.0004802982529582002,True,0.012,0.0029,144.0,0.1729,3.035,0.000524,0.316,0.0822,
data,segment_8,11632168668679,True,31.4,0.00037240794755597536,True,0.004,0.001,156.0,0.1491,2.721,0.000425,0.325,0.0742,
data,segment_8,11633167725866,True,31.7,0.00033891446437139393,True,0.0073,0.0021,180.0,0.1465,2.524,0.000406,0.39,0.0689,
data,segment_8,11634171704350,True,31.7,0.0002644636551849544,True,0.0084,0.0022,180.0,0.1277,2.385,0.000408,0.444,0.0593,
data,segment_8,11635165046513,True,31.7,0.00026529490437242266,True,0.0134,0.0032,192.0,0.1133,1.835,0.000404,0.496,0.047,
data,segment_8,11636172327335,True,31.7,0.00025172431977815355,True,0.0047,0.0008,192.0,0.1266,2.003,0.000386,0.556,0.0399,
data,segment_8,11637165522313,True,31.7,0.00026386670421949595,True,0.007,0.0013,144.0,0.1145,2.014,0.000317,0.7,0.0513,
data,segment_8,11638165691333,True,31.4,0.00032549436498093936,True,0.0138,0.003,156.0,0.1414,2.337,0.000317,0.837,0.0613,
data,segment_8,11639159840392,True,31.3,0.0003590648262995818,True,0.0109,0.0022,180.0,0.1557,2.422,0.000266,0.879,0.0683,
data,segment_8,11640164425099,True,31.3,0.00038640583369934414,True,0.0206,0.0036,168.0,0.1631,2.759,0.000289,0.908,0.0767,
data,segment_8,11641168605443,True,31.3,0.00038484135904429595,True,0.0244,0.0057,144.0,0.152,2.772,0.000242,0.919,0.0865,
data,segment_8,11642168182864,True,31.2,0.0004316259106947913,True,0.023,0.0045,240.0,0.1655,3.566,0.000254,0.931,0.093,
data,segment_8,11643167689139,True,31.2,0.0005905347689575866,True,0.028,0.0066,228.0,0.1518,3.62,0.000276,0.938,0.0953,
data,segment_8,11644163623603,True,31.0,0.0003767301089353097,True,0.0211,0.0046,180.0,0.152,3.544,0.000269,0.942,0.0973,
data,segment_8,11645166625075,True,30.0,0.0002454171861930256,True,0.0215,0.0044,156.0,0.1382,3.349,0.000252,0.94,0.1005,
data,segment_8,11646161441084,True,29.3,0.00022028203353432883,True,0.0078,0.002,156.0,0.1208,3.204,0.000232,0.931,0.1,
data,segment_8,11647169408225,True,28.9,0.00022035945472029695,True,0.0085,0.0017,144.0,0.1557,2.279,0.000265,0.903,0.0971,
data,segment_8,11648164952020,True,28.9,0.00020316586596891284,True,0.0103,0.0021,132.0,0.1717,3.208,0.000229,0.845,0.0925,
data,segment_8,11649164403030,True,28.9,0.00018459559898608173,True,0.0066,0.0019,132.0,0.1591,3.139,0.000214,0.792,0.0877,
data,segment_8,11650168830439,True,29.1,0.00022293518122751266,True,0.0068,0.002,192.0,0.1807,4.568,0.000213,0.796,0.0787,
data,segment_8,11651168886271,True,30.1,0.00028246592571127833,True,0.0066,0.0011,288.0,0.1949,4.832,0.000243,0.798,0.0778,
data,segment_8,11652168356756,True,30.7,0.00024812406070474295,True,0.0106,0.0018,204.0,0.1646,4.544,0.000223,0.847,0.0814,
data,segment_8,11653167300330,True,30.7,0.00031518992009280024,True,0.0132,0.0033,348.0,0.2688,5.896,0.000226,0.847,0.0832,
data,segment_8,11654166573997,True,30.7,0.0003786795203474224,True,0.0085,0.002,372.0,0.2822,6.083,0.000262,0.676,0.0972,
data,segment_8,11655161386141,True,29.7,0.0004537702184571029,True,0.0136,0.0034,276.0,0.2695,5.028,0.000265,0.64,0.0994,
data,segment_8,11656165595061,True,29.7,0.0003754809868232667,True,0.0153,0.0033,264.0,0.2739,5.454,0.000267,0.653,0.0968,
data,segment_8,11657160523866,True,29.7,0.0003831445471689502,True,0.0066,0.0018,288.0,0.2796,5.639,0.000325,0.839,0.0983,
data,segment_9,11663147427929,True,34.7,0.001427679645256765,True,0.025,0.0062,240.0,0.1774,3.745,0.000845,0.915,0.2589,
data,segment_9,11664151855894,True,34.9,0.001667062523033907,True,0.0162,0.0036,360.0,0.2049,4.421,0.000874,0.913,0.2621,
data,segment_9,11665156446459,True,35.1,0.0018069687561843978,True,0.0246,0.0063,372.0,0.2703,5.036,0.000873,0.914,0.2618,
data,segment_9,11666150651685,True,35.1,0.002395710195869707,False,0.0199,0.0041,336.0,0.3032,5.394,0.000909,0.912,0.269,
data,segment_9,11667155436408,True,35.1,0.0023979482307412477,False,0.0304,0.0074,312.0,0.296,5.33,0.00097,0.919,0.2826,
data,segment_9,11668149530541,True,35.0,0.0023996700935906613,False,0.0292,0.0059,252.0,0.2953,5.272,0.000975,0.922,0.2881,
data,segment_9,11669152765729,True,34.9,0.00211316323839128,False,0.0442,0.0106,216.0,0.4814,6.02,0.000907,0.917,0.2881,
data,segment_9,11670148865940,True,34.9,0.001578098429121628,True,0.0358,0.0074,264.0,0.5186,5.716,0.000799,0.864,0.238,
data,segment_9,11671153071458,True,34.7,0.0013881905340875562,True,0.1161,0.0245,252.0,0.4753,5.786,0.000796,0.482,0.2239,
data,segment_9,11672157264268,True,34.3,0.0013881905340875562,True,0.1139,0.0238,312.0,0.5012,5.794,0.00084,0.482,0.2239,
data,segment_9,11673151968167,True,34.2,0.00219432108168456,False,0.0469,0.011,336.0,0.5546,5.541,0.001033,0.503,0.3922,
data,segment_9,11674156168786,True,34.1,0.004005181089219062,False,0.0602,0.0128,228.0,0.4895,4.334,0.001345,0.7,0.4533,
data,segment_9,11675151003304,True,34.1,0.00401370275229475,False,0.0623,0.0121,180.0,0.2954,4.029,0.001524,0.794,0.465,
data,segment_9,11676155085956,True,34.2,0.00401370275229475,False,0.0635,0.0156,156.0,0.1611,3.303,0.001501,0.832,0.4533,
data,segment_9,11677149792299,True,35.0,0.00366589122325734,False,0.0417,0.0078,144.0,0.1751,3.946,0.001467,0.853,0.4221,
data,segment_9,11678154549562,True,36.9,0.00312012789553082,False,0.0514,0.0117,228.0,0.1571,3.912,0.001336,0.888,0.3435,
data,segment_9,11679148792480,True,38.4,0.0027309395372867584,False,0.0182,0.0046,204.0,0.1416,3.621,0.001245,0.906,0.3435,
data,segment_9,11680151358458,True,39.5,0.0026881811099750364,False,0.015,0.0041,156.0,0.1488,3.774,0.001245,0.916,0.3435,
data,segment_9,11681147657765,True,40.3,0.002686151791449621,False,0.0186,0.0048,168.0,0.1564,3.895,0.001272,0.922,0.3479,
data,segment_9,11682150666226,True,41.2,0.0026937241200357676,False,0.0161,0.0029,144.0,0.1227,3.35,0.001233,0.92,0.3479,
data,segment_9,11683156472721,True,41.7,0.0026960519365512325,False,0.021,0.0037,36.0,0.1117,3.328,0.001234,0.929,0.3479,
data,segment_9,11684151063280,True,42.1,0.0026878369753564526,False,0.0299,0.0088,36.0,0.1076,3.337,0.000773,0.928,0.2733,
data,segment_9,11685155546691,True,42.3,0.0025964706745434636,False,0.0239,0.0044,120.0,0.1014,3.048,0.000711,0.915,0.2361,
data,segment_9,11686150291304,True,42.3,0.0024794056080281734,False,0.0301,0.0065,144.0,0.105,2.961,0.000666,0.903,0.2144,
data,segment_9,11687154901688,True,42.3,0.0024794056080281734,False,0.027,0.0066,144.0,0.1098,2.566,0.000677,0.899,0.2107,
data,segment_9,11688148908459,True,41.9,0.0023990885010676238,False,0.0297,0.0055,180.0,0.1361,2.7,0.000682,0.893,0.2094,
data,segment_9,11689153425458,True,41.2,0.0022894120088733645,False,0.0383,0.0097,360.0,0.1766,3.459,0.000708,0.858,0.2104,
data,segment_9,11690147890493,True,39.6,0.002298840899724342,False,0.0205,0.0032,372.0,0.1825,4.015,0.000661,0.808,0.2145,
data,segment_9,11691152286191,True,36.1,0.0021223215275700887,False,0.0098,0.0022,384.0,0.1429,4.134,0.000716,0.689,0.2218,
data,segment_9,11692156537570,True,31.9,0.001974657417492866,True,0.0068,0.0017,504.0,0.1765,4.462,0.00072,0.415,0.2028,
data,segment_9,11699148040585,True,26.0,0.00044624808466514057,True,0.0092,0.0017,96.0,0.095,2.495,0.000324,0.362,0.0807,
data,segment_9,11700152414504,True,30.1,0.00039069505874067545,True,0.02,0.0046,96.0,0.0933,2.533,0.000283,0.662,0.0959,
data,segment_9,11701157084246,True,33.2,0.00032390119605949804,True,0.0185,0.0036,96.0,0.0939,2.542,0.000264,0.728,0.0969,
data,segment_9,11702151418127,True,36.7,0.00023083527048584074,True,0.0219,0.0048,108.0,0.0991,2.616,0.000205,0.778,0.0992,
data,segment_9,11703155791418,True,39.6,0.00017158125974492226,True,0.0179,0.0037,36.0,0.1291,2.294,0.000151,0.896,0.0929,
data,segment_9,11704150223574,True,41.7,0.0001099164363278001,True,0.0083,0.0022,48.0,0.1331,2.255,0.000172,0.916,0.0775,
data,segment_9,11705154577229,True,43.9,0.00010230266557160666,True,0.0117,0.0021,36.0,0.135,2.308,0.000141,0.941,0.0618,
data,segment_9,11706149502650,True,45.3,0.00010204502905253321,True,0.0066,0.0015,36.0,0.1486,2.428,0.000129,0.948,0.0515,
data,segment_9,11707153675631,True,46.2,0.00010230266557160666,True,0.0064,0.0013,24.0,0.1525,2.409,0.000119,0.954,0.0366,
data,segment_9,11708157618931,True,46.6,0.0001240235924211595,True,0.0077,0.002,24.0,0.1396,2.51,0.000105,0.961,0.034,
data,segment_9,11709152511224,True,47.0,0.00013189345612605013,True,0.0039,0.0009,24.0,0.1292,2.522,0.0001,0.963,0.0418,
data,segment_9,11710157236528,True,47.5,0.00013232416204604164,True,0.0039,0.0007,12.0,0.1424,2.6,0.000135,0.962,0.0553,
data,segment_9,11711151921274,True,47.9,0.00012840255710450224,True,0.0034,0.0008,24.0,0.1698,2.658,0.000167,0.963,0.0653,
data,segment_9,11712156071334,True,48.3,0.00011184251343365759,True,0.0141,0.0027,24.0,0.1769,2.608,0.000214,0.962,0.0742,
data,segment_9,11713151066953,True,48.8,0.00010912636883522507,True,0.0109,0.003,12.0,0.1739,2.33,0.000259,0.96,0.076,
data,segment_9,11714154890043,True,49.1,8.699505494550017e-05,True,0.0111,0.0023,24.0,0.1662,2.26,0.000259,0.959,0.075,
data,segment_9,11715149377448,True,49.3,9.283980034524575e-05,True,0.0168,0.0035,24.0,0.1402,2.145,0.000212,0.959,0.048,
data,segment_9,11716152194215,True,49.3,0.00010534422555988145,True,0.0143,0.0036,24.0,0.1458,2.053,0.000176,0.961,0.038,
data,segment_9,11717148343126,True,49.3,0.0001244367982917032,True,0.0115,0.0021,12.0,0.147,1.983,0.000174,0.962,0.0262,
data,segment_10,11723167450865,True,46.6,0.000315792430465106,True,0.0131,0.0021,96.0,0.1563,2.755,0.000156,0.951,0.0811,
data,segment_10,11724169209898,True,41.7,0.0005340602744984815,True,0.0113,0.0028,132.0,0.1529,3.03,0.000165,0.906,0.0863,
data,segment_10,11725173561813,True,32.6,0.0008748155742515356,True,0.0126,0.0034,156.0,0.1676,3.166,0.000243,0.705,0.0827,
data,segment_10,11726168131860,True,26.7,0.001414750670584929,True,0.0146,0.0034,228.0,0.1647,3.2,0.00028,0.599,0.0565,
data,segment_10,11727172415911,True,25.3,0.001629652486063702,True,0.0216,0.0039,276.0,0.1238,3.151,0.000303,0.549,0.0421,
data,segment_10,11728176647516,True,25.2,0.00172299026733595,True,0.0065,0.002,216.0,0.1289,2.998,0.000215,0.473,0.0283,
data,segment_10,11729171961286,True,25.1,0.0016793457494599317,True,0.0053,0.0011,168.0,0.1403,2.926,0.000205,0.434,0.0261,
data,segment_10,11730168163620,True,25.0,0.0016752886038390643,True,0.0049,0.0011,180.0,0.1315,2.713,0.000232,0.395,0.0265,
data,segment_10,11731170542521,True,25.0,0.0016851930933593487,True,0.0044,0.0012,180.0,0.1306,2.729,0.000254,0.338,0.031,
data,segment_10,11732168082361,True,24.9,0.0016050017365817001,True,0.0259,0.0044,144.0,0.2573,3.301,0.000362,0.323,0.0436,
data,segment_10,11733169345672,True,24.9,0.0014131657072483448,True,0.0211,0.0051,168.0,0.2572,3.241,0.00045,0.291,0.0733,
data,segment_10,11734173737370,True,24.9,0.0014020706515515014,True,0.0394,0.0092,216.0,0.2496,3.266,0.000577,0.283,0.0971,
data,segment_10,11735168617711,True,26.6,0.0014020706515515014,True,0.0417,0.0075,180.0,0.2648,3.328,0.000696,0.308,0.1129,
data,segment_10,11736172757644,True,29.9,0.001538205165396585,True,0.0165,0.0041,120.0,0.2769,3.057,0.00073,0.316,0.1139,
data,segment_10,11737167576319,True,32.4,0.0026444937260164474,False,0.0551,0.0097,84.0,0.1634,2.613,0.000451,0.354,0.1055,
data,segment_10,11738171768071,True,34.4,0.0026440935053289143,False,0.0669,0.0178,60.0,0.1943,2.632,0.000418,0.66,0.0702,
data,segment_10,11739167769569,True,35.6,0.0026328208735710555,False,0.0453,0.0069,12.0,0.2077,2.374,0.000247,0.817,0.0483,
data,segment_10,11740170718756,True,36.1,0.0024199835227981395,False,0.0176,0.0035,12.0,0.1947,2.376,0.000163,0.862,0.0349,
data,segment_10,11741167857351,True,36.1,0.0019081869395449758,True,0.016,0.0036,0.0,0.1131,2.225,0.000165,0.878,0.0288,
data,segment_10,11742169709488,True,36.1,0.001696131360258599,True,0.0166,0.0034,0.0,0.1,2.178,0.000186,0.883,0.0258,
data,segment_10,11743173958682,True,35.9,0.0016403354250131546,True,0.0038,0.0006,12.0,0.0849,2.193,0.000188,0.884,0.0252,
data,segment_10,11744168404966,True,35.0,0.0016329126479667096,True,0.0108,0.0017,96.0,0.092,2.165,0.000234,0.872,0.0303,
data,segment_10,11745172640824,True,33.2,0.001667013973928988,True,0.0105,0.0028,120.0,0.1157,2.341,0.000273,0.862,0.0248,
data,segment_10,11746177138548,True,29.1,0.0017013248880693248,True,0.0102,0.0024,120.0,0.1308,2.501,0.000311,0.846,0.0215,
data,segment_10,11747171769407,True,25.0,0.0017252837153746467,True,0.0129,0.0026,180.0,0.1928,3.069,0.000225,0.833,0.019,
data,segment_10,11748175993545,True,21.6,0.0017654695623316886,True,0.0043,0.001,264.0,0.3004,3.778,0.000273,0.809,0.0186,
data,segment_10,11749170811010,True,19.5,0.001730693447489111,True,0.0029,0.0006,228.0,0.3241,4.056,0.000324,0.754,0.019,
data,segment_10,11776170427129,True,24.2,0.003069479538543618,False,0.0228,0.0056,180.0,0.3264,5.554,0.001006,0.655,0.1128,
data,segment_10,11777174495067,True,26.5,0.0030673455336653393,False,0.0169,0.0032,132.0,0.3028,5.384,0.000811,0.737,0.1197,
data,segment_11,11783152138195,True,35.8,0.0014061187291708919,True,0.0122,0.0022,24.0,0.1764,3.146,0.00066,0.951,0.09,
data,segment_11,11784156168588,True,36.4,0.0012147373375121036,True,0.0167,0.0043,0.0,0.1822,3.039,0.000577,0.954,0.1103,
data,segment_11,11785165060827,True,37.2,0.0007665123938061102,True,0.011,0.0023,12.0,0.1504,2.513,0.000503,0.952,0.1369,
data,segment_11,11786154535078,True,38.2,0.00032247415727122036,True,0.0166,0.004,24.0,0.1473,2.374,0.000392,0.943,0.1644,
data,segment_11,11787159174931,True,39.1,0.00028910606782291386,True,0.0131,0.0026,36.0,0.1256,2.479,0.000413,0.926,0.1647,
data,segment_11,11788153574364,True,39.9,0.00025797420701887346,True,0.0079,0.0015,60.0,0.1785,2.639,0.000359,0.915,0.1618,
data,segment_11,11789157585977,True,40.6,0.0002594806713833914,True,0.0017,0.0004,60.0,0.1789,2.631,0.000304,0.905,0.141,
data,segment_11,11790152817067,True,41.4,0.00014717034355271608,True,0.005,0.0007,36.0,0.1684,2.632,0.000218,0.916,0.0929,
data,segment_11,11791156340269,True,41.9,0.000147164267067491,True,0.0113,0.0028,24.0,0.1854,2.902,0.000156,0.925,0.0558,
data,segment_11,11792163066586,True,42.6,0.00014673132680884283,True,0.0074,0.0017,24.0,0.2187,2.949,0.000127,0.943,0.0553,
data,segment_11,11793155230014,True,43.1,0.00020416134838408185,True,0.0123,0.0028,12.0,0.1656,2.892,0.000129,0.963,0.0577,
data,segment_11,11794159725757,True,43.2,0.00020416134838408185,True,0.0156,0.0035,24.0,0.1383,3.001,0.000173,0.972,0.0911,
data,segment_11,11795154024713,True,43.2,0.00019428480251037903,True,0.0106,0.0022,12.0,0.1624,2.907,0.00029,0.975,0.0911,
data,segment_11,11796160825605,True,43.1,5.945196362564276e-05,True,0.0075,0.0016,12.0,0.1469,2.549,0.000289,0.975,0.0942,
data,segment_11,11797152909344,True,42.9,5.878816139761454e-05,True,0.0104,0.0024,12.0,0.1295,2.163,0.00027,0.975,0.076,
data,segment_11,11798157007625,True,42.8,6.195847541583506e-05,True,0.0103,0.0024,24.0,0.1291,2.105,0.000192,0.974,0.074,
data,segment_11,11799166338134,True,42.6,9.254748127583926e-05,True,0.0848,0.0145,24.0,0.1879,1.949,0.000194,0.973,0.074,
data,segment_11,11800155997469,True,42.6,0.0001416190279996954,True,0.0652,0.0163,36.0,0.2015,2.109,0.00015,0.967,0.1003,
data,segment_11,11801161310346,True,42.6,0.0005251641480508339,True,0.1115,0.0247,36.0,0.2164,2.188,0.000183,0.924,0.1022,
data,segment_11,11802154807271,True,43.3,0.000683886612446061,True,0.1298,0.0252,60.0,0.2844,2.239,0.000257,0.348,0.1368,
data,segment_11,11803162391602,True,44.3,0.0011727759441364071,True,0.0194,0.0035,60.0,0.3307,2.382,0.00031,0.309,0.1202,
data,segment_11,11804153713718,True,45.1,0.0011775467705224104,True,0.034,0.0081,24.0,0.2369,2.298,0.000312,0.309,0.1139,
data,segment_11,11805162957066,True,45.5,0.0011788407392075897,True,0.0291,0.0065,36.0,0.1493,2.452,0.000328,0.583,0.1015,
data,segment_11,11806161528870,True,45.5,0.0011740048305801394,True,0.046,0.0087,36.0,0.1436,2.654,0.000342,0.901,0.0996,
data,segment_11,11807156641091,True,45.5,0.0011724268200605508,True,0.0501,0.0125,12.0,0.1544,2.607,0.000336,0.951,0.0903,
data,segment_11,11808164375823,True,45.5,0.0008534633633271939,True,0.0248,0.0053,12.0,0.1678,2.599,0.000378,0.969,0.0928,
data,segment_11,11809155350674,True,45.3,0.0002119216912214936,True,0.0281,0.0068,12.0,0.1702,2.711,0.00028,0.973,0.0828,
data,segment_11,11810161996840,True,45.3,0.00016355826816766487,True,0.015,0.0023,12.0,0.1551,2.733,0.00028,0.975,0.0836,
data,segment_11,11811154275010,True,45.3,0.00014447675494011492,True,0.0123,0.0026,12.0,0.1627,2.6,0.000219,0.975,0.0827,
data,segment_11,11812158561019,True,45.1,0.00014032919040078554,True,0.0151,0.0035,12.0,0.1476,2.484,0.00019,0.973,0.0735,
data,segment_11,11813152221353,True,45.0,0.00015728518379658479,True,0.012,0.0023,36.0,0.1451,2.49,0.000145,0.969,0.0473,
data,segment_11,11814160896357,True,44.9,0.00015886973310559808,True,0.0085,0.0019,36.0,0.1379,2.507,0.000119,0.959,0.0399,
data,segment_11,11815152339015,True,44.8,0.00017332250407082317,True,0.0087,0.0017,48.0,0.1167,2.424,9.6e-05,0.95,0.0337,
data,segment_11,11816156231920,True,44.4,0.0001778853329597041,True,0.0023,0.0005,60.0,0.1119,2.354,0.000106,0.933,0.0417,
data,segment_11,11817162406943,True,44.2,0.00017993280255935708,True,0.0021,0.0005,72.0,0.1147,2.473,9.9e-05,0.817,0.0584,
data,segment_11,11818154952945,True,43.8,0.0001778853329597041,True,0.0024,0.0005,24.0,0.108,2.368,0.000103,0.712,0.0732,
data,segment_11,11819161724121,True,43.5,0.00018387247109785676,True,0.0039,0.0009,180.0,0.142,2.97,0.000117,0.599,0.0794,
data,segment_11,11820153632595,True,43.2,0.00017442191892769188,True,0.0087,0.0016,180.0,0.152,3.099,0.000139,0.512,0.0973,
data,segment_11,11821158527725,True,42.9,0.00018245685256870566,True,0.0078,0.0019,168.0,0.1815,3.404,0.000137,0.468,0.1073,
data,segment_11,11822152774566,True,42.6,0.00019974802219950658,True,0.0066,0.0017,204.0,0.1827,3.363,0.000182,0.468,0.1225,
data,segment_11,11823156787767,True,42.4,0.00024768858257519103,True,0.0093,0.0021,276.0,0.1865,3.821,0.000179,0.474,0.1255,
data,segment_11,11824163300773,True,42.2,0.0002489266177251865,True,0.006,0.0014,120.0,0.1772,3.433,0.00019,0.735,0.1266,
data,segment_11,11825160895938,True,41.9,0.0002220699237850531,True,0.0056,0.0011,120.0,0.1708,3.263,0.000169,0.936,0.1207,
data,segment_11,11826163824578,True,41.3,0.00013495709937842728,True,0.0037,0.0008,108.0,0.1388,2.949,0.000151,0.967,0.077,
data,segment_11,11827154362443,True,41.1,0.0001122525230796534,True,0.0041,0.0007,72.0,0.1473,2.757,0.000142,0.971,0.0596,
data,segment_11,11828159509100,True,40.9,6.591146937247952e-05,True,0.0031,0.0008,24.0,0.132,2.135,0.000143,0.973,0.0599,
data,segment_11,11829153480948,True,40.7,6.556878361152485e-05,True,0.0145,0.0028,36.0,0.0992,1.874,0.000185,0.973,0.0643,
data,segment_11,11830161145487,True,40.4,6.734046757153424e-05,True,0.0144,0.0033,48.0,0.1151,1.943,0.000244,0.97,0.1135,
data,segment_11,11831162683979,True,40.2,0.0003652798885834018,True,0.0126,0.0025,48.0,0.1648,2.309,0.000453,0.968,0.1654,
data,segment_11,11832159673141,True,39.7,0.0005189895746994989,True,0.0081,0.0023,60.0,0.1487,2.354,0.000723,0.966,0.1866,
data,segment_11,11833160710389,True,39.1,0.0010449801858251253,True,0.0209,0.0049,84.0,0.1587,2.938,0.000823,0.965,0.2105,
data,segment_11,11834157649979,True,38.9,0.0010596092110425998,True,0.0219,0.0041,72.0,0.1494,2.957,0.000821,0.966,0.212,
data,segment_11,11835159920705,True,38.4,0.001059436645281049,True,0.0025,0.0007,60.0,0.1385,2.847,0.00078,0.97,0.2037,
data,segment_11,11836153985117,True,38.0,0.0010408273051999797,True,0.0022,0.0004,72.0,0.161,2.706,0.000607,0.975,0.1875,
data,segment_11,11837162204943,True,37.7,0.0009669941013262214,True,0.0076,0.0017,72.0,0.1621,2.61,0.00041,0.977,0.1781,
data,segment_12,11843154177060,True,34.8,0.0010011069889557973,True,0.0193,0.0035,132.0,0.1336,2.647,0.000796,0.837,0.2046,
data,segment_12,11844158951518,True,34.5,0.0010011069889557973,True,0.0242,0.0065,108.0,0.1337,2.745,0.000709,0.781,0.198,
data,segment_12,11845163237850,True,33.9,0.0008223968278220642,True,0.0224,0.0035,144.0,0.1426,2.86,0.00044,0.673,0.1792,
data,segment_12,11846158144745,True,33.5,0.0007393775751066248,True,0.0337,0.0053,168.0,0.1399,2.86,0.00043,0.558,0.1626,
data,segment_12,11847154826517,True,33.5,0.0007369302911683917,True,0.0452,0.0117,168.0,0.159,2.912,0.000449,0.49,0.1584,
data,segment_12,11848158946358,True,33.5,0.0008010616519536709,True,0.0361,0.0064,120.0,0.1623,2.776,0.00043,0.444,0.1525,
data,segment_12,11849161084467,True,34.1,0.0009927005719364938,True,0.0575,0.0158,144.0,0.1848,3.44,0.000552,0.425,0.1348,
data,segment_12,11850157448770,True,35.4,0.001532227902276894,True,0.0315,0.0096,132.0,0.1837,3.469,0.000654,0.432,0.1535,
data,segment_12,11851160184009,True,36.4,0.001547149387307274,True,0.034,0.0097,108.0,0.1968,3.701,0.000417,0.459,0.1429,
data,segment_12,11852154269368,True,37.2,0.0010291711920756461,True,0.0431,0.0118,96.0,0.1922,3.404,0.000275,0.81,0.1188,
data,segment_12,11853159104297,True,37.3,0.0008126251095516568,True,0.028,0.0035,96.0,0.1997,3.437,0.000268,0.923,0.1112,
data,segment_12,11854163290904,True,37.3,0.0005153283466650813,True,0.0157,0.0031,96.0,0.1726,2.788,0.000254,0.947,0.1164,
data,segment_12,11855161654903,True,37.2,0.0002529105665765129,True,0.0164,0.0042,72.0,0.1524,2.368,0.000204,0.956,0.1143,
data,segment_12,11856154912265,True,36.5,0.0002015398204093799,True,0.0132,0.0023,72.0,0.1568,2.275,0.000234,0.961,0.1196,
data,segment_12,11857156202799,True,35.9,0.00012451534380845874,True,0.004,0.0008,48.0,0.1564,2.323,0.000209,0.968,0.1207,
data,segment_12,11858160680260,True,35.3,0.00010563197539301415,True,0.0037,0.001,36.0,0.1569,2.232,0.000174,0.969,0.1167,
data,segment_12,11859155918412,True,35.2,8.969052776322752e-05,True,0.0036,0.0006,24.0,0.1442,2.134,0.00015,0.969,0.1141,
data,segment_12,11860159728904,True,35.2,8.469380345576723e-05,True,0.0058,0.0009,24.0,0.1334,2.13,0.000154,0.969,0.1082,
data,segment_12,11861163656883,True,35.2,9.151264212850725e-05,True,0.0037,0.001,36.0,0.1154,1.918,0.000154,0.969,0.0995,
data,segment_12,11862158662863,True,35.6,6.45430410438214e-05,True,0.0116,0.0027,48.0,0.1104,2.013,0.000195,0.97,0.1051,
data,segment_12,11863155603547,True,35.9,7.936072380646161e-05,True,0.0093,0.0018,84.0,0.1086,2.087,0.000239,0.973,0.1057,
data,segment_12,11864157444952,True,36.3,8.12098486269249e-05,True,0.0052,0.0014,96.0,0.1069,2.195,0.000245,0.976,0.1023,
data,segment_12,11865161399743,True,36.7,7.994404071754037e-05,True,0.0042,0.0009,72.0,0.1147,2.261,0.0002,0.976,0.1034,
data,segment_12,11866163269421,True,36.9,8.121140126604587e-05,True,0.0036,0.0011,60.0,0.1213,2.238,0.00017,0.976,0.1006,
data,segment_12,11867160185356,True,36.9,0.00010133587452618699,True,0.003,0.0006,48.0,0.1126,2.144,0.000162,0.973,0.101,
data,segment_12,11868154558563,True,36.9,0.00012075319348023016,True,0.0027,0.0005,48.0,0.1,2.089,0.000169,0.973,0.1107,
data,segment_12,11869158853100,True,36.6,0.00014845399978623026,True,0.0083,0.0015,36.0,0.0924,1.885,0.000202,0.973,0.1197,
data,segment_12,11870163230960,True,35.7,0.00019636545039247721,True,0.0083,0.002,48.0,0.089,1.795,0.000259,0.973,0.1256,
data,segment_12,11871159931846,True,34.7,0.00017328797215784933,True,0.0086,0.0016,72.0,0.1102,2.31,0.000327,0.972,0.1332,
data,segment_12,11872155195366,True,34.1,0.00017868595977282452,True,0.0138,0.0034,96.0,0.126,2.433,0.000348,0.97,0.1289,
data,segment_12,11873156793480,True,33.0,0.000194019640145719,True,0.0072,0.0016,96.0,0.1272,2.488,0.000373,0.964,0.1259,
data,segment_12,11874161033212,True,31.7,0.00021620459109283728,True,0.0134,0.0032,108.0,0.1327,2.491,0.000421,0.95,0.1185,
data,segment_12,11875158364279,True,28.7,0.00025445374583914633,True,0.0115,0.0022,120.0,0.1334,2.5,0.000434,0.937,0.1046,
data,segment_12,11876159870669,True,26.2,0.00030524988347150386,True,0.0084,0.0018,132.0,0.1287,2.246,0.000419,0.93,0.0876,
data,segment_12,11877158535452,True,25.4,0.00029321916473001197,True,0.0103,0.0024,132.0,0.1247,2.144,0.000413,0.923,0.0656,
data,segment_12,11878159855756,True,24.1,0.00034760527821937827,True,0.0051,0.001,132.0,0.1347,2.122,0.000403,0.907,0.051,
data,segment_12,11879162839490,True,21.3,0.00038103812062123505,True,0.0043,0.001,120.0,0.1333,2.041,0.000363,0.884,0.0361,
data,segment_13,11915151834118,True,18.5,0.0004473391390760885,True,0.0061,0.0016,60.0,0.1175,2.017,0.000365,0.766,0.0505,
data,segment_13,11916155746919,True,18.4,0.0005016102222725749,True,0.0059,0.0012,60.0,0.1103,1.943,0.000361,0.678,0.0633,
data,segment_13,11917150625172,True,18.4,0.00027743232203647494,True,0.0081,0.0023,48.0,0.0986,1.853,0.000328,0.551,0.0699,
data,segment_13,11918154526594,True,18.1,0.00027677154717509385,True,0.0053,0.001,36.0,0.0775,1.642,0.000329,0.489,0.0763,
data,segment_13,11919152163057,True,18.0,0.00021157460038321527,True,0.0045,0.0009,60.0,0.0741,1.305,0.000238,0.461,0.0763,
data,segment_13,11920155478571,True,18.0,0.00019146309925583636,True,0.002,0.0003,72.0,0.0981,1.248,0.000249,0.458,0.0781,
data,segment_13,11921159842517,True,18.4,0.00019772324594669044,True,0.0019,0.0004,48.0,0.1166,1.451,0.000284,0.488,0.0802,
data,segment_13,11922155575937,True,20.0,0.00021750524766367966,True,0.0044,0.0008,84.0,0.1553,2.153,0.000319,0.55,0.0816,
data,segment_13,11923156583913,True,21.7,0.00026737619594317135,True,0.0033,0.0007,156.0,0.2051,3.34,0.000365,0.794,0.0767,
data,segment_13,11924154304050,True,22.7,0.00028283251653874646,True,0.002,0.0004,144.0,0.2054,3.383,0.000355,0.875,0.0778,
data,segment_13,11925156149891,True,22.8,0.00034456897240743226,True,0.0078,0.0017,156.0,0.2033,3.561,0.000292,0.881,0.0696,
data,segment_13,11926149750947,True,22.9,0.00028629329947729433,True,0.0077,0.0015,240.0,0.3006,4.975,0.000314,0.894,0.0624,
data,segment_13,11927154706528,True,23.1,0.00028326377433006357,True,0.0114,0.0032,204.0,0.2755,4.655,0.00032,0.904,0.0671,
data,segment_13,11928148614506,True,24.1,0.00025555282760041673,True,0.0074,0.0014,120.0,0.2516,4.18,0.0003,0.912,0.0691,
data,segment_13,11929153130671,True,25.2,0.0002713696791398258,True,0.0118,0.0027,120.0,0.2551,4.275,0.000268,0.936,0.0657,
data,segment_13,11930159417027,True,26.2,0.00026143601114489554,True,0.0073,0.0015,96.0,0.2532,3.968,0.00025,0.948,0.0765,
data,segment_13,11931152031117,True,27.1,0.0002828166470862925,True,0.0049,0.0015,48.0,0.1342,2.174,0.000182,0.957,0.08,
data,segment_13,11932156290803,True,27.7,0.000314724282361567,True,0.0053,0.0009,60.0,0.147,2.431,0.000151,0.96,0.0863,
data,segment_13,11933151035554,True,28.4,0.0003245637702887364,True,0.0034,0.0006,60.0,0.1439,2.61,0.000175,0.963,0.0977,
data,segment_13,11934155036119,True,28.7,0.00030587959390409,True,0.0059,0.0015,72.0,0.1346,2.519,0.000174,0.965,0.102,
data,segment_13,11935150156219,True,28.8,0.00029517484306806733,True,0.0037,0.0007,60.0,0.1413,2.834,0.000223,0.965,0.1035,
data,segment_13,11936155211241,True,29.0,0.00021745159933010677,True,0.0031,0.0008,36.0,0.1313,2.798,0.000219,0.967,0.1045,
data,segment_13,11937160290465,True,29.3,0.0001810593269088595,True,0.0082,0.0016,60.0,0.109,2.598,0.000293,0.967,0.099,
data,segment_13,11938152763462,True,29.8,0.00021687223620736178,True,0.013,0.0032,48.0,0.1098,2.328,0.000218,0.967,0.091,
data,segment_13,11939157465968,True,30.1,0.0002683392630511586,True,0.006,0.0011,48.0,0.1159,2.252,0.000186,0.967,0.0912,
data,segment_13,11940151580295,True,30.5,0.0002577885483473529,True,0.0079,0.002,36.0,0.0997,2.003,0.000146,0.971,0.0921,
data,segment_13,11941155980920,True,30.9,0.0002477533998899162,True,0.0079,0.0014,60.0,0.0942,1.882,0.000172,0.968,0.0958,
data,segment_13,11942154101155,True,31.4,0.00023685312282783653,True,0.0037,0.0009,48.0,0.0954,1.93,0.000143,0.974,0.0981,
data,segment_13,11943155349060,True,31.9,0.00019722246152894542,True,0.0052,0.0009,36.0,0.0992,1.904,0.00015,0.977,0.1051,
data,segment_13,11944151198369,True,32.0,0.000192588908248581,True,0.0083,0.0022,24.0,0.1025,2.048,0.000161,0.976,0.103,
data,segment_13,11945157232844,True,32.0,0.00019291269523482525,True,0.0066,0.0011,36.0,0.103,1.977,0.000169,0.974,0.1008,
data,segment_13,11946150817267,True,31.9,0.0001750401895689623,True,0.0098,0.0024,24.0,0.1081,2.317,0.000168,0.972,0.0987,
data,segment_13,11947154716377,True,31.7,0.0001568857353195194,True,0.0062,0.0014,48.0,0.099,2.285,0.000179,0.963,0.103,
data,segment_13,11948151583231,True,31.6,0.0002039698742910616,True,0.0161,0.0035,36.0,0.1025,2.316,0.000233,0.956,0.0938,
data,segment_13,11949151261170,True,30.4,0.00018224260821478078,True,0.0126,0.0025,60.0,0.0971,2.277,0.000284,0.951,0.0981,
data,segment_13,11950155505925,True,28.2,0.0001658020277920567,True,0.0194,0.0043,84.0,0.103,2.065,0.000366,0.945,0.1075,
data,segment_13,11957156999890,True,29.9,0.0006667748733582449,True,0.058,0.0097,12.0,0.1536,2.507,0.000269,0.897,0.0735,
data,segment_14,11963133252332,True,34.7,0.00016273771157919372,True,0.0101,0.0022,36.0,0.1098,2.135,0.000258,0.949,0.1465,
data,segment_14,11964137082893,True,35.6,0.00013455393686740384,True,0.0078,0.0017,24.0,0.0983,1.958,0.000285,0.95,0.1507,
data,segment_14,11965142189157,True,36.5,0.00015156029810972762,True,0.0127,0.0033,120.0,0.1049,1.957,0.000235,0.949,0.1554,
data,segment_14,11966136429840,True,36.8,0.00014878463838096008,True,0.0116,0.0022,120.0,0.111,2.089,0.00022,0.94,0.1554,
data,segment_14,11967141059333,True,37.0,0.00013676893203638584,True,0.0162,0.0042,120.0,0.1232,2.2,0.000225,0.93,0.1537,
data,segment_14,11968135327679,True,37.0,0.00013966402192197645,True,0.0137,0.0029,156.0,0.1273,2.363,0.000237,0.92,0.1554,
data,segment_14,11969139763240,True,36.8,0.00023760965650236303,True,0.0172,0.0038,336.0,0.1716,3.153,0.000282,0.901,0.1623,
data,segment_14,11970134115129,True,36.5,0.0002402455433937087,True,0.0124,0.0027,240.0,0.1897,3.82,0.000351,0.887,0.1695,
data,segment_14,11971138788440,True,36.3,0.00048576521555802866,True,0.0119,0.0025,276.0,0.2116,4.016,0.000399,0.851,0.1931,
data,segment_14,11972133386564,True,36.2,0.0009574901335436224,True,0.0139,0.0042,324.0,0.2104,4.04,0.000483,0.746,0.2164,
data,segment_14,11973137519461,True,36.2,0.001109170550760634,True,0.0083,0.0021,312.0,0.2182,4.085,0.000555,0.621,0.2332,
data,segment_14,11974142001213,True,36.2,0.00124174604586944,True,0.0214,0.0032,216.0,0.2051,4.062,0.000682,0.414,0.2448,
data,segment_14,11975136335386,True,36.2,0.0013310335974239358,True,0.021,0.0057,216.0,0.1597,3.577,0.000733,0.414,0.2687,
data,segment_14,11976141210705,True,36.2,0.001534239152354162,True,0.0435,0.0091,156.0,0.1366,3.414,0.000729,0.414,0.2454,
data,segment_14,11977135177050,True,36.2,0.0014930072230155834,True,0.0541,0.012,132.0,0.1675,3.346,0.000584,0.665,0.2063,
data,segment_14,11978139604289,True,36.4,0.0016311080776341125,True,0.0205,0.0036,156.0,0.1764,3.613,0.00059,0.773,0.1978,
data,segment_14,11979133986384,True,36.6,0.001395350438542664,True,0.0272,0.0069,84.0,0.1951,3.248,0.000562,0.841,0.1867,
data,segment_14,11980138392954,True,36.7,0.0012999830662022132,True,0.0173,0.0032,108.0,0.2221,3.665,0.000505,0.888,0.1709,
data,segment_14,11981142677220,True,37.4,0.0012838981347158551,True,0.0081,0.0021,120.0,0.2161,3.601,0.000598,0.926,0.1748,
data,segment_14,11982137206211,True,37.7,0.0013494115589152476,True,0.0051,0.0015,108.0,0.2147,3.929,0.00069,0.951,0.1857,
data,segment_14,11983141775042,True,37.7,0.0013356880036576849,True,0.0098,0.0021,72.0,0.2116,3.627,0.0006,0.968,0.1826,
data,segment_14,11984136115510,True,37.7,0.001263257534781855,True,0.015,0.0035,60.0,0.161,3.205,0.00052,0.97,0.1718,
data,segment_14,11985140506705,True,37.3,0.0011132723184480247,True,0.0059,0.0015,72.0,0.1306,2.771,0.000456,0.97,0.1694,
data,segment_14,11986134861134,True,36.9,0.0007513131713494658,True,0.0086,0.0026,96.0,0.1233,2.725,0.000328,0.966,0.1468,
data,segment_14,11987139244781,True,36.8,0.0007130346493795514,True,0.0078,0.0018,84.0,0.1322,2.402,0.000225,0.96,0.1277,
data,segment_14,11988133725868,True,36.4,0.000533412501681596,True,0.0066,0.0017,108.0,0.148,2.524,0.000205,0.958,0.1194,
data,segment_14,11989149985220,True,35.7,0.0003183326616948754,True,0.011,0.003,84.0,0.1458,2.555,0.000204,0.957,0.1251,
data,segment_14,11990142257384,True,35.5,0.0002471499142810645,True,0.0082,0.0012,84.0,0.1533,2.825,0.000169,0.958,0.1179,
data,segment_14,11991136906194,True,35.4,0.00020745428306965066,True,0.0068,0.0015,36.0,0.1601,3.26,0.000175,0.962,0.1125,
data,segment_14,11992141946016,True,35.4,0.00023969704523224992,True,0.007,0.0016,48.0,0.1309,2.808,0.000191,0.964,0.1066,
data,segment_14,11993135745264,True,35.4,0.00021334280350466302,True,0.0141,0.0018,24.0,0.1199,2.659,0.000218,0.966,0.1073,
data,segment_14,11994140622915,True,35.4,0.0002146725907657073,True,0.1107,0.0224,60.0,0.2706,2.723,0.000228,0.964,0.1082,
data,segment_14,11995134725314,True,35.4,0.000285554929450173,True,0.0774,0.0181,48.0,0.282,2.68,0.000233,0.956,0.1421,
data,segment_14,11996138391611,True,35.2,0.0008508185613560729,True,0.1453,0.0382,48.0,0.2836,2.583,0.000262,0.605,0.186,
data,segment_14,11997133423930,True,34.9,0.0013995166764342118,True,0.1396,0.0232,72.0,0.296,2.549,0.00034,0.328,0.186,
data,segment_14,11998137688251,True,34.5,0.001579231553632122,True,0.0535,0.0119,132.0,0.2833,2.511,0.000274,0.261,0.1145,
data,segment_14,11999142182370,True,33.5,0.001508095782027505,True,0.0438,0.0099,144.0,0.1864,2.895,0.000261,0.261,0.0703,
data,segment_14,12000136933071,True,32.3,0.0014193130142693574,True,0.0283,0.0054,180.0,0.1562,2.636,0.000249,0.329,0.0582,
data,segment_14,12001141205074,True,30.5,0.0014202478341758251,True,0.0125,0.0032,180.0,0.1293,2.603,0.000211,0.549,0.0505,
data,segment_14,12002135565493,True,28.6,0.0012860009034741876,True,0.007,0.0021,192.0,0.1532,2.724,0.000234,0.625,0.0548,
data,segment_14,12003139779062,True,26.9,0.001224361709319055,True,0.0095,0.0021,156.0,0.1817,2.81,0.000317,0.644,0.0551,
data,segment_14,12004134315349,True,24.9,0.0010742787271738052,True,0.0118,0.0027,132.0,0.1714,2.536,0.000375,0.673,0.0629,
data,segment_14,12005138986482,True,22.7,0.0010744879381925977,True,0.0065,0.0013,156.0,0.1559,2.29,0.000592,0.673,0.0657,
data,segment_14,12006133391580,True,19.8,0.0011273651383238241,True,0.0063,0.0015,192.0,0.1532,2.452,0.000902,0.651,0.066,
data,segment_15,12024152479516,True,21.2,0.009396979848999924,False,0.1506,0.0391,120.0,0.6712,5.837,0.001437,0.566,0.3101,
data,segment_15,12025149388124,True,22.7,0.004640223304060994,False,0.1106,0.0189,120.0,0.4297,5.069,0.000917,0.648,0.2661,
data,segment_15,12026151306964,True,23.5,0.0020013035215504077,False,0.0379,0.0077,120.0,0.2564,3.478,0.000626,0.696,0.1511,
data,segment_15,12027148290557,True,24.4,0.0009191668513929645,True,0.0191,0.0039,108.0,0.1754,2.606,0.000616,0.692,0.1088,
data,segment_15,12028150117000,True,25.3,0.0007762993871875288,True,0.022,0.0051,108.0,0.1494,2.295,0.000602,0.704,0.1078,
data,segment_15,12029150338910,True,26.1,0.0006669007068785887,True,0.0139,0.0032,48.0,0.1169,2.014,0.000465,0.738,0.1011,
data,segment_15,12030158835679,True,26.6,0.0005707515702814756,True,0.0193,0.0051,60.0,0.1311,2.068,0.000446,0.785,0.0915,
data,segment_15,12031148526938,True,27.1,0.0004546354175545275,True,0.013,0.0025,84.0,0.1539,2.265,0.000601,0.827,0.076,
data,segment_15,12032149202363,True,27.5,0.00037146920838834627,True,0.0122,0.003,60.0,0.1349,2.139,0.0007,0.859,0.056,
data,segment_15,12033152673049,True,27.7,0.00021841013550545147,True,0.007,0.0019,72.0,0.1163,2.115,0.000731,0.86,0.0358,
data,segment_15,12034149032828,True,27.7,0.0002185761685654722,True,0.0242,0.0044,96.0,0.1328,2.187,0.001053,0.856,0.0333,
data,segment_15,12035151000138,True,27.7,0.0003560036125111353,True,0.0218,0.0056,96.0,0.1533,2.302,0.001141,0.839,0.0371,
data,segment_15,12036149220014,True,25.9,0.0006965018804989836,True,0.0522,0.0108,96.0,0.1612,2.189,0.001153,0.841,0.0523,
data,segment_15,12037150544394,True,23.2,0.0009706327133988998,True,0.0539,0.0115,84.0,0.176,2.227,0.00076,0.828,0.0744,
data,segment_15,12038154127464,True,21.4,0.000976903884147837,True,0.0286,0.0068,72.0,0.1762,1.978,0.000504,0.828,0.0812,
data,segment_15,12039148771651,True,20.9,0.0007790744949480032,True,0.0272,0.0044,48.0,0.1413,1.955,0.000456,0.832,0.084,
data,segment_15,12040153163238,True,20.4,0.0007777663704473525,True,0.0065,0.001,12.0,0.1246,1.731,0.000477,0.827,0.0893,
data,segment_15,12041151097820,True,20.2,0.0007844065414354555,True,0.0063,0.0017,24.0,0.122,1.645,0.000396,0.794,0.0554,
data,segment_15,12042152637857,True,20.2,0.0008828981663100421,True,0.0063,0.0018,144.0,0.1873,2.485,0.000504,0.8,0.0405,
data,segment_15,12043149118950,True,20.0,0.0011331889449082689,True,0.007,0.0018,276.0,0.1937,3.107,0.000595,0.798,0.0342,
data,segment_15,12044152637302,True,20.0,0.0013297860277816653,True,0.0189,0.0042,360.0,0.2146,3.627,0.000693,0.789,0.0471,
data,segment_15,12045155045920,True,19.9,0.002219989662989974,False,0.0389,0.0055,360.0,0.2854,4.265,0.000819,0.726,0.0488,
data,segment_15,12046149582229,True,19.6,0.0029574932182868325,False,0.1055,0.0234,372.0,0.3912,4.336,0.001102,0.16,0.0772,
data,segment_15,12047154188154,True,19.5,0.004373383127817247,False,0.0742,0.0156,288.0,0.379,3.987,0.001115,0.153,0.1563,
data,segment_15,12048148029296,True,19.5,0.004374129585712156,False,0.1084,0.0297,192.0,0.3386,3.463,0.001258,0.152,0.1615,
data,segment_15,12049152873782,True,19.5,0.0029902897512753416,False,0.0827,0.0139,132.0,0.2773,3.096,0.001129,0.159,0.173,
data,segment_15,12050157358107,True,19.6,0.0026882280927132234,False,0.0366,0.0082,156.0,0.2364,2.179,0.001041,0.19,0.1525,
data,segment_15,12051153033061,True,19.8,0.002160583855584264,False,0.0106,0.0026,156.0,0.209,2.256,0.000917,0.294,0.1265,
data,segment_15,12052149876167,True,19.9,0.0017722377491032563,True,0.0252,0.0064,132.0,0.1552,2.358,0.000808,0.547,0.1047,
data,segment_15,12053151284807,True,20.0,0.0011441325768828392,True,0.0212,0.0039,132.0,0.1438,2.194,0.00077,0.722,0.1117,
data,segment_15,12054148989337,True,20.0,0.0009215562551302059,True,0.0127,0.0032,120.0,0.1387,1.989,0.000744,0.797,0.1042,
data,segment_15,12055149610732,True,20.3,0.0008509955077897757,True,0.0062,0.0009,96.0,0.1445,2.097,0.000616,0.869,0.1042,
data,segment_15,12056153826699,True,20.9,0.000883597181174747,True,0.0072,0.0013,48.0,0.1409,1.979,0.000588,0.883,0.0931,
data,segment_15,12057148979664,True,21.3,0.0008901222608983517,True,0.0074,0.0016,24.0,0.1591,2.23,0.000554,0.878,0.0623,
data,segment_15,12058152830749,True,21.7,0.0009021018631756306,True,0.0084,0.0016,12.0,0.1588,2.217,0.000402,0.866,0.0433,
data,segment_15,12059152850856,True,22.0,0.001023825014321821,True,0.0113,0.0028,48.0,0.1683,2.301,0.00032,0.836,0.0405,
data,segment_15,12060151716543,True,22.2,0.0010334024098332373,True,0.0141,0.0028,96.0,0.1754,2.512,0.000424,0.602,0.0418,
data,segment_15,12061155829950,True,22.2,0.0010832856418287842,True,0.0123,0.0025,108.0,0.1473,2.309,0.000403,0.405,0.0401,
data,segment_15,12062152387158,True,22.2,0.0011310087300969809,True,0.0176,0.0054,120.0,0.1336,2.278,0.000397,0.347,0.0435,
data,segment_15,12063148028727,True,22.2,0.0013629586901515722,True,0.0135,0.003,108.0,0.1373,2.294,0.000453,0.364,0.0652,
data,segment_15,12064149465784,True,21.8,0.0014759937770229185,True,0.017,0.0035,96.0,0.1358,2.283,0.000429,0.422,0.0657,
data,segment_15,12065153578685,True,21.6,0.001475966885412555,True,0.0023,0.0005,60.0,0.1226,2.082,0.000318,0.529,0.0442,
data,segment_15,12066148348028,True,21.5,0.0014326286885970416,True,0.0023,0.0006,36.0,0.1544,2.457,0.000261,0.613,0.0421,
data,segment_15,12067153106380,True,21.5,0.0013480577301612697,True,0.002,0.0005,36.0,0.1795,2.619,0.0003,0.677,0.044,
data,segment_15,12068151220279,True,21.6,0.001275847423157043,True,0.0022,0.0004,48.0,0.2109,2.924,0.00029,0.723,0.0395,
data,segment_15,12069151591202,True,21.9,0.001270795939490199,True,0.0101,0.0014,36.0,0.252,3.048,0.000332,0.747,0.0449,
data,segment_15,12070155707883,True,22.0,0.0012702737765891803,True,0.0205,0.0045,84.0,0.2932,2.982,0.000427,0.725,0.0727,
data,segment_15,12071150649895,True,22.0,0.0016767238181845806,True,0.0183,0.0041,156.0,0.2702,2.863,0.000597,0.711,0.097,
data,segment_15,12072148390604,True,22.0,0.002413094529642156,False,0.0407,0.009,180.0,0.2504,3.239,0.000777,0.576,0.1032,
data,segment_15,12073151115412,True,21.9,0.0024160259182237263,False,0.0367,0.0078,180.0,0.2308,3.249,0.000883,0.321,0.0989,
data,segment_15,12074153574684,True,21.8,0.002109202356022108,False,0.0158,0.004,168.0,0.2416,3.207,0.000731,0.285,0.0688,
data,segment_15,12075148171470,True,21.7,0.0015894357545701858,True,0.0129,0.0023,180.0,0.2663,3.334,0.000617,0.25,0.0662,
data,segment_15,12076152434952,True,21.7,0.0012736767938031535,True,0.0118,0.003,156.0,0.2389,2.961,0.000573,0.23,0.0662,
data,segment_15,12077151050720,True,21.7,0.0012675925390794873,True,0.0105,0.0029,132.0,0.2015,2.655,0.000634,0.228,0.0688,
data,segment_17,12143140307038,True,22.2,0.0019933371072265826,True,0.0259,0.0079,204.0,0.4599,6.237,0.001546,0.118,0.0939,
data,segment_17,12149146779851,True,22.1,0.002031060366491102,False,0.0666,0.0168,144.0,0.2105,2.136,0.001056,0.17,0.1886,
data,segment_17,12150146424147,True,22.2,0.0017382690450058926,True,0.0534,0.01,132.0,0.1103,2.167,0.000855,0.183,0.1558,
data,segment_17,12151145057066,True,22.4,0.0013916759711101081,True,0.0183,0.004,204.0,0.1328,2.419,0.0009,0.186,0.1474,
data,segment_17,12152149266346,True,22.7,0.0011392063807399197,True,0.0263,0.0049,216.0,0.1525,2.726,0.000693,0.191,0.1346,
data,segment_17,12153143932436,True,22.8,0.0005593123958028411,True,0.0297,0.0069,168.0,0.1507,2.695,0.000421,0.192,0.1052,
data,segment_17,12154148126416,True,22.8,0.0005563715610644286,True,0.021,0.0046,120.0,0.1457,2.785,0.000306,0.184,0.0867,
data,segment_17,12155143363047,True,22.9,0.0006451274106281577,True,0.0192,0.0039,132.0,0.1449,2.682,0.000387,0.174,0.0842,
data,segment_17,12156147064678,True,23.2,0.0007820864557288587,True,0.0363,0.0078,108.0,0.1531,2.551,0.000456,0.188,0.0934,
data,segment_17,12157142093991,True,23.3,0.0011149484126704973,True,0.0355,0.0071,96.0,0.1438,2.163,0.000533,0.192,0.1024,
data,segment_17,12158147694867,True,23.3,0.001114920434610925,True,0.0589,0.0117,96.0,0.1548,2.151,0.000574,0.2,0.1024,
data,segment_17,12159145139010,True,23.2,0.0009757100275870264,True,0.0551,0.0119,96.0,0.1673,1.83,0.000652,0.198,0.118,
data,segment_17,12160145375503,True,23.1,0.0008765618868588401,True,0.0338,0.0079,108.0,0.1713,1.726,0.000579,0.194,0.1125,
data,segment_17,12161142576340,True,23.1,0.000552295868780655,True,0.0388,0.0071,108.0,0.1467,1.895,0.000427,0.184,0.0977,
data,segment_17,12162143748554,True,23.1,0.0002931712078861892,True,0.0088,0.0018,132.0,0.1169,2.26,0.000344,0.179,0.0811,
data,segment_17,12163141339839,True,23.2,0.0003204100608569834,True,0.0091,0.002,132.0,0.1455,2.391,0.000388,0.166,0.0869,
data,segment_17,12164146110391,True,23.2,0.00025640930472343987,True,0.0055,0.0009,168.0,0.1948,3.119,0.000351,0.149,0.0761,
data,segment_17,12165147078050,True,23.2,0.00033931697398423814,True,0.0057,0.0017,180.0,0.1895,3.129,0.000326,0.146,0.0685,
data,segment_17,12166142401599,True,22.9,0.00037145256231519547,True,0.0051,0.0014,168.0,0.1766,3.237,0.000332,0.137,0.057,
data,segment_17,12167147642233,True,22.8,0.0004656127369712968,True,0.0053,0.0013,168.0,0.2159,3.75,0.00034,0.126,0.057,
data,segment_17,12168147172041,True,22.8,0.0005128882538716973,True,0.0055,0.0014,204.0,0.2219,3.672,0.000333,0.137,0.0364,
data,segment_17,12169146847677,True,22.9,0.0005724069656211001,True,0.0186,0.0036,180.0,0.2134,3.472,0.00036,0.149,0.0371,
data,segment_17,12170149060630,True,23.0,0.000778100496592566,True,0.0401,0.0085,192.0,0.2989,4.734,0.000433,0.149,0.0377,
data,segment_17,12171143920637,True,23.0,0.0011657605605960655,True,0.0608,0.009,216.0,0.3632,4.726,0.000667,0.154,0.0513,
data,segment_17,12172147897581,True,23.0,0.0029122872716798773,False,0.1201,0.0325,180.0,0.394,4.462,0.000873,0.161,0.0802,
data,segment_17,12173142568181,True,22.9,0.0029122872716798773,False,0.0873,0.0209,156.0,0.3943,4.454,0.001029,0.169,0.0849,
data,segment_17,12174140649680,True,22.8,0.0028024746187314395,False,0.114,0.0288,132.0,0.3474,4.229,0.001028,0.172,0.1278,
data,segment_17,12175141567745,True,22.4,0.001334275002591312,True,0.0401,0.0106,216.0,0.1964,3.26,0.000793,0.162,0.0873,
data,segment_17,12176146245537,True,21.8,0.0011740470836219398,True,0.0431,0.0063,204.0,0.1995,3.467,0.000574,0.165,0.0614,
data,segment_17,12177142006590,True,21.1,0.0011606682695171654,True,0.0444,0.0078,204.0,0.2252,3.234,0.000657,0.18,0.0687,
data,segment_17,12178144929152,True,19.9,0.0013332329108379781,True,0.036,0.0086,228.0,0.2343,3.336,0.000691,0.173,0.0703,
data,segment_17,12179142529033,True,19.3,0.0018630468909750493,True,0.0289,0.008,300.0,0.2477,3.209,0.000714,0.175,0.0821,
data,segment_17,12180143686991,True,18.7,0.0038247764630615867,False,0.0268,0.0059,252.0,0.2248,2.517,0.000974,0.187,0.1178,
data,segment_17,12181146864492,True,18.4,0.0041683393974249515,False,0.0217,0.0052,252.0,0.2484,3.123,0.001105,0.209,0.1262,
data,segment_17,12182143197338,True,18.4,0.0031983877501600435,False,0.042,0.0118,288.0,0.3421,4.269,0.000974,0.216,0.1059,
data,segment_17,12183146760544,True,18.4,0.0021781962051244906,False,0.028,0.0053,264.0,0.3276,4.183,0.001027,0.209,0.1047,
data,segment_17,12184144440588,True,19.0,0.0012171509023716487,True,0.0389,0.0098,216.0,0.3282,4.164,0.000736,0.207,0.0868,
data,segment_17,12185141535832,True,19.2,0.0008926755756250268,True,0.0183,0.0034,168.0,0.3261,4.092,0.000598,0.167,0.053,
data,segment_17,12186144199684,True,19.2,0.0007972089224494994,True,0.0146,0.004,204.0,0.2291,2.98,0.000612,0.134,0.064,
data,segment_17,12187146378678,True,18.8,0.0009408864425495267,True,0.0526,0.0105,216.0,0.1637,2.159,0.000777,0.111,0.085,
data,segment_17,12188148926708,True,18.2,0.0014215866719654267,True,0.0445,0.0098,252.0,0.1878,2.342,0.000777,0.102,0.0888,
data,segment_17,12189145474083,True,17.1,0.002943467082191612,False,0.0483,0.0117,300.0,0.1942,2.527,0.0015,0.096,0.0894,
data,segment_17,12190141535191,True,15.1,0.003958658872616372,False,0.0429,0.0081,252.0,0.1676,2.5,0.001761,0.093,0.0963,
data,segment_17,12191142471365,True,14.0,0.0063783883122245115,False,0.0325,0.008,276.0,0.1509,2.39,0.002067,0.094,0.097,
data,segment_17,12192146784848,True,14.0,0.006393497681468369,False,0.0184,0.0032,300.0,0.1424,2.126,0.001887,0.091,0.0815,
data,segment_18,12208138860041,True,17.0,0.002572254193300978,False,0.0915,0.0212,276.0,0.4565,6.903,0.001717,0.098,0.1445,
data,segment_18,12209142190949,True,17.0,0.002651091090448309,False,0.069,0.0133,324.0,0.4106,6.578,0.00152,0.107,0.1368,
data,segment_18,12210139455467,True,16.9,0.002283571149137697,False,0.0563,0.0109,300.0,0.4377,6.78,0.001377,0.113,0.12,
data,segment_18,12211144660200,True,17.0,0.0026617701539827367,False,0.0572,0.012,228.0,0.3834,4.899,0.001435,0.112,0.1253,
data,segment_18,12218142290392,True,19.3,0.004464029377483874,False,0.0189,0.0046,168.0,0.167,1.952,0.000802,0.129,0.0988,
data,segment_18,12219139354445,True,19.4,0.002842252604404925,False,0.0239,0.0051,132.0,0.1469,1.852,0.000602,0.116,0.08,
data,segment_18,12220141201804,True,19.6,0.001233826308722848,True,0.0236,0.0055,144.0,0.1144,1.823,0.000494,0.129,0.0612,
data,segment_18,12221138418760,True,19.7,0.0010377924818741624,True,0.0152,0.0036,144.0,0.1253,2.241,0.000443,0.13,0.069,
data,segment_18,12222141792831,True,19.7,0.0008600029589698735,True,0.0132,0.0033,132.0,0.1148,2.293,0.000524,0.144,0.0775,
data,segment_18,12223144340553,True,19.8,0.0008101983899313154,True,0.0189,0.0063,132.0,0.1182,2.446,0.0005,0.156,0.0814,
data,segment_18,12224140870886,True,19.8,0.0010233186329174013,True,0.0142,0.0029,120.0,0.1243,2.558,0.000534,0.172,0.0916,
data,segment_18,12225144997033,True,19.8,0.001176864457113039,True,0.0077,0.0022,84.0,0.1712,2.811,0.000491,0.174,0.0878,
data,segment_18,12226144324820,True,19.9,0.0010715437950618762,True,0.017,0.0039,96.0,0.1712,2.908,0.00047,0.155,0.0731,
data,segment_18,12227144343650,True,20.4,0.0011231004217338895,True,0.0255,0.0058,132.0,0.1705,2.832,0.000564,0.145,0.0833,
data,segment_18,12228137281414,True,20.8,0.0012660655193030834,True,0.0102,0.0019,120.0,0.1613,2.61,0.000717,0.146,0.096,
data,segment_18,12236144018038,True,22.4,0.0009627268882468343,True,0.0171,0.0029,120.0,0.1297,2.165,0.000511,0.208,0.0572,
data,segment_18,12237138596023,True,22.7,0.0008553253720051812,True,0.01,0.0032,180.0,0.1478,2.624,0.000422,0.262,0.0538,
data,segment_18,12238140957367,True,22.7,0.0009830472722659584,True,0.0281,0.0063,192.0,0.1716,2.8,0.000423,0.394,0.0658,
data,segment_18,12239139396533,True,22.7,0.001040225150063634,True,0.0274,0.0055,156.0,0.1734,2.791,0.000491,0.394,0.0657,
data,segment_18,12240140185584,True,22.4,0.0011845089361654706,True,0.0456,0.0129,168.0,0.1891,2.809,0.000608,0.338,0.0828,
data,segment_18,12241144066915,True,21.7,0.001611266320313282,True,0.0305,0.0058,168.0,0.1883,2.638,0.000747,0.393,0.1035,
data,segment_18,12242148532318,True,21.4,0.001434038098898872,True,0.0217,0.0053,84.0,0.1549,2.037,0.000807,0.393,0.1337,
data,segment_18,12243143522492,True,21.3,0.0011544660418521388,True,0.0108,0.0024,60.0,0.1308,1.662,0.000749,0.309,0.1315,
data,segment_18,12244138650621,True,21.3,0.0011047834987299742,True,0.0262,0.0059,60.0,0.1188,1.585,0.000683,0.319,0.1035,
data,segment_18,12245142497930,True,21.7,0.001463534077629447,True,0.0153,0.0036,48.0,0.0992,1.579,0.000704,0.319,0.1189,
data,segment_18,12246136528991,True,22.3,0.0010249978894318486,True,0.0378,0.0079,48.0,0.1047,1.614,0.00069,0.279,0.1252,
data,segment_18,12247140884382,True,22.7,0.0005822861791593744,True,0.0361,0.0069,60.0,0.1052,1.608,0.000601,0.243,0.1094,
data,segment_18,12248141353790,True,22.8,0.0008086643614424235,True,0.0286,0.0064,60.0,0.0995,1.737,0.000656,0.224,0.0996,
data,segment_18,12249136657250,True,22.8,0.00041386547373896204,True,0.0232,0.0045,96.0,0.1081,1.901,0.000583,0.219,0.1042,
data,segment_18,12250136373159,True,22.8,0.00029836336050293594,True,0.0141,0.0044,108.0,0.1235,1.839,0.000502,0.223,0.0866,
data,segment_18,12251138736536,True,22.8,0.0003687665578191933,True,0.0127,0.0027,96.0,0.1442,1.818,0.000503,0.214,0.0598,
data,segment_18,12252136040260,True,22.9,0.0008567971300129338,True,0.0218,0.005,84.0,0.1711,1.836,0.000548,0.217,0.0497,
data,segment_18,12253138705587,True,22.9,0.00080247033115294,True,0.0254,0.0041,72.0,0.1548,1.556,0.000469,0.227,0.044,
data,segment_18,12254141865979,True,22.9,0.0013832140248268843,True,0.0384,0.0105,36.0,0.1254,1.344,0.000618,0.23,0.042,
data,segment_18,12255139490291,True,22.9,0.0013782843317279928,True,0.0292,0.0061,72.0,0.1302,1.445,0.000622,0.257,0.0468,
data,segment_18,12256135873486,True,22.7,0.0010074005203729503,True,0.0404,0.0101,84.0,0.1328,1.629,0.000612,0.26,0.0507,
data,segment_18,12257145052719,True,22.7,0.0007931450647620115,True,0.0184,0.0046,84.0,0.1184,1.765,0.000485,0.267,0.0522,
data,segment_19,12263122378060,True,23.0,0.0008302119830024561,True,0.0188,0.0052,48.0,0.1177,1.702,0.000785,0.16,0.1021,
data,segment_19,12269129072736,True,22.3,0.001302058526273392,True,0.0481,0.0115,72.0,0.1557,2.104,0.000648,0.246,0.1179,
data,segment_19,12270123872938,True,22.3,0.0009209360578097403,True,0.0339,0.0058,96.0,0.1491,2.203,0.000633,0.268,0.0983,
data,segment_19,12271128069312,True,22.3,0.0005751507431255276,True,0.0101,0.0022,108.0,0.1457,2.181,0.000576,0.291,0.1075,
data,segment_19,12272131923880,True,22.8,0.0004665945537179369,True,0.008,0.0017,72.0,0.1332,2.159,0.000448,0.298,0.0996,
data,segment_19,12273126491526,True,22.9,0.00046559347538277507,True,0.0116,0.0033,96.0,0.1493,2.169,0.000356,0.285,0.0722,
data,segment_19,12274131007443,True,23.0,0.0005773130109796374,True,0.0153,0.0028,132.0,0.1092,2.063,0.000394,0.294,0.069,
data,segment_19,12275125398994,True,23.0,0.0007021086248620973,True,0.0247,0.0063,156.0,0.1141,2.084,0.000334,0.337,0.0747,
data,segment_19,12276129743035,True,23.0,0.0007048513594785724,True,0.0144,0.0033,180.0,0.114,2.362,0.000343,0.392,0.0602,
data,segment_19,12277124298050,True,22.8,0.0005298485327585197,True,0.0177,0.0042,168.0,0.1047,2.379,0.000324,0.484,0.0626,
data,segment_19,12278128759152,True,22.7,0.00027978931642043745,True,0.0058,0.0014,156.0,0.0992,2.274,0.000345,0.496,0.0644,
data,segment_19,12279123897551,True,22.6,0.0002893208542144501,True,0.0147,0.0031,72.0,0.1035,2.047,0.000365,0.407,0.0652,
data,segment_19,12280128246252,True,22.4,0.0005647436371967843,True,0.0132,0.0027,60.0,0.0917,1.681,0.000352,0.181,0.0534,
data,segment_19,12281131911503,True,21.8,0.0012169498950242996,True,0.0176,0.0036,24.0,0.0866,1.309,0.000366,0.115,0.0484,
data,segment_19,12282126420494,True,20.9,0.0015895076811913143,True,0.0673,0.0128,48.0,0.2001,1.275,0.000602,0.096,0.0558,
data,segment_19,12283130748187,True,20.0,0.0018294556655684268,True,0.0532,0.0124,72.0,0.2132,1.33,0.000912,0.096,0.1143,
data,segment_19,12290135118322,True,21.8,0.0008816579363767417,True,0.0286,0.004,84.0,0.1348,1.703,0.000427,0.173,0.0805,
data,segment_19,12297123255047,True,23.2,0.0013021341550511635,True,0.0512,0.0133,108.0,0.1565,1.809,0.000619,0.204,0.0918,
data,segment_19,12298127316599,True,23.2,0.001109813959791203,True,0.0322,0.0063,84.0,0.1018,1.883,0.000619,0.235,0.074,
data,segment_19,12299131574691,True,23.1,0.0009061703494247625,True,0.0224,0.006,60.0,0.1027,1.969,0.00069,0.245,0.0918,
data,segment_19,12300124499421,True,22.9,0.0011287559292979391,True,0.0372,0.0087,60.0,0.0932,1.924,0.000494,0.236,0.0629,
data,segment_19,12301134394878,True,22.8,0.0011923916187023518,True,0.0325,0.006,96.0,0.1418,2.01,0.000655,0.24,0.06,
data,segment_19,12302125035784,True,22.8,0.0013125269442277724,True,0.0482,0.0137,108.0,0.1407,2.018,0.000692,0.265,0.0871,
data,segment_19,12303129490130,True,22.8,0.0012373492354527116,True,0.0384,0.0086,96.0,0.1437,1.806,0.000601,0.28,0.0664,
data,segment_19,12304124217411,True,22.9,0.0013915004619137646,True,0.0541,0.0131,96.0,0.1462,1.819,0.000569,0.325,0.0535,
data,segment_19,12305128432119,True,23.1,0.001230726484209299,True,0.0239,0.005,108.0,0.1537,1.906,0.000573,0.367,0.064,
data,segment_19,12306130979170,True,23.1,0.0011750733615005346,True,0.0266,0.0056,72.0,0.1488,2.647,0.000483,0.377,0.0601,
data,segment_19,12307127444431,True,23.1,0.0010725179204093686,True,0.0133,0.002,72.0,0.1875,3.018,0.000518,0.348,0.055,
data,segment_19,12308134562303,True,23.1,0.001340209872731706,True,0.0239,0.0063,132.0,0.213,3.313,0.000541,0.267,0.0762,
data,segment_19,12309126362804,True,22.9,0.0010474349456013508,True,0.022,0.0053,156.0,0.205,3.388,0.000504,0.207,0.0824,
data,segment_19,12310133459773,True,22.7,0.0009677409543655813,True,0.0368,0.0096,144.0,0.2172,3.506,0.000498,0.207,0.0722,
data,segment_19,12311125125003,True,22.6,0.0009304430736792427,True,0.0188,0.0026,168.0,0.207,2.815,0.000504,0.199,0.0707,
data,segment_19,12312131833230,True,22.6,0.0008734133443795145,True,0.0135,0.0034,180.0,0.2068,2.628,0.000387,0.201,0.0542,
data,segment_19,12313123918931,True,22.5,0.0007487464700488931,True,0.0125,0.0024,132.0,0.1623,2.239,0.000344,0.194,0.0535,
data,segment_19,12314128206987,True,22.2,0.0007253710178268001,True,0.0035,0.0008,120.0,0.1624,2.141,0.000352,0.179,0.0592,
data,segment_19,12315122893902,True,22.1,0.0007281645500617466,True,0.0053,0.0013,132.0,0.1528,1.714,0.000316,0.156,0.0616,
data,segment_19,12316127101422,True,22.0,0.0007400879096213888,True,0.0055,0.0011,120.0,0.1474,1.708,0.000342,0.142,0.065,
data,segment_19,12317136332037,True,21.9,0.0008871567909044249,True,0.0039,0.001,96.0,0.1269,1.937,0.000329,0.129,0.0669,
data,segment_20,12323118464174,True,18.7,0.0012180969351902604,True,0.0048,0.0013,228.0,0.1072,2.066,0.000574,0.08,0.0437,
data,segment_20,12324123062732,True,17.5,0.0014745332277552128,True,0.0203,0.0032,252.0,0.1732,2.076,0.000697,0.08,0.0551,
data,segment_20,12325126817065,True,14.8,0.0015802828932610837,True,0.0241,0.0065,216.0,0.1743,2.149,0.000849,0.101,0.0614,
data,segment_20,12326121685567,True,12.4,0.0016486320456827743,True,0.0269,0.006,216.0,0.1517,2.074,0.001149,0.134,0.062,
data,segment_20,12327126546264,True,12.4,0.0018376422386027023,True,0.0274,0.0052,216.0,0.1375,1.968,0.00128,0.183,0.062,
data,segment_20,12328120667554,True,12.4,0.0018622454285508827,True,0.0125,0.0035,204.0,0.1079,1.449,0.001271,0.213,0.0794,
data,segment_20,12329124972535,True,13.0,0.0018288757055778672,True,0.0139,0.003,180.0,0.1031,1.268,0.000914,0.222,0.0659,
data,segment_20,12330119401699,True,14.2,0.001978048813793141,True,0.0104,0.002,156.0,0.09,1.206,0.000807,0.216,0.0624,
data,segment_20,12331133920517,True,15.4,0.0019994096610164245,True,0.0224,0.0043,144.0,0.0911,1.163,0.000787,0.201,0.0674,
data,segment_20,12332127984369,True,15.5,0.0015256336821515043,True,0.0249,0.0055,156.0,0.1093,1.434,0.000772,0.193,0.0665,
data,segment_20,12333122594736,True,15.8,0.0014258486019305978,True,0.0095,0.0023,192.0,0.1924,2.612,0.000862,0.182,0.0582,
data,segment_20,12334127327811,True,16.7,0.0009208892768113346,True,0.0168,0.0038,180.0,0.2039,2.905,0.000681,0.182,0.0674,
data,segment_20,12335121956694,True,17.6,0.0007048861296314092,True,0.0111,0.0023,168.0,0.2258,2.878,0.000725,0.176,0.0696,
data,segment_20,12336126025674,True,18.0,0.0007474967510029736,True,0.0085,0.0019,168.0,0.2318,2.92,0.00058,0.169,0.0629,
data,segment_20,12337120722758,True,18.2,0.0007717291116150471,True,0.0201,0.0046,168.0,0.187,2.674,0.00067,0.172,0.0621,
data,segment_20,12350118480193,True,19.3,0.0013469746059818488,True,0.0177,0.003,144.0,0.4585,5.128,0.000799,0.15,0.0874,
data,segment_20,12351122467798,True,19.3,0.0013473537067142413,True,0.0136,0.0032,216.0,0.6594,8.185,0.000765,0.145,0.0771,
data,segment_20,12352126517625,True,18.0,0.001347377896308899,True,0.028,0.0069,264.0,0.7012,8.952,0.00091,0.145,0.0781,
data,segment_20,12353121342154,True,18.0,0.0020477631399016235,False,0.0305,0.006,288.0,0.6965,8.941,0.000909,0.153,0.0775,
data,segment_20,12354124907143,True,18.0,0.0024657298116889537,False,0.0511,0.0129,300.0,0.7039,8.953,0.001309,0.157,0.0609,
data,segment_20,12355120293119,True,19.0,0.004255597967154636,False,0.0519,0.0105,264.0,0.6863,7.926,0.00167,0.168,0.0721,
data,segment_20,12356124864632,True,20.1,0.0042260623169657185,False,0.0562,0.0093,144.0,0.2597,3.042,0.001166,0.163,0.0641,
data,segment_20,12357119207732,True,20.9,0.0025441014638039345,False,0.1024,0.0267,60.0,0.1399,1.682,0.000953,0.163,0.0609,
data,segment_20,12358123947229,True,21.7,0.002222823684825699,False,0.0997,0.0176,72.0,0.2133,2.591,0.001037,0.157,0.0945,
data,segment_20,12359131928845,True,22.2,0.002063306302485535,False,0.0491,0.0104,84.0,0.237,2.727,0.000742,0.147,0.1429,
data,segment_20,12360122409290,True,22.6,0.0016647130744722827,True,0.0385,0.0093,96.0,0.2147,2.769,0.000672,0.146,0.0913,
data,segment_20,12361126794185,True,22.8,0.001362170920132487,True,0.0245,0.0042,192.0,0.3215,4.61,0.000776,0.155,0.0814,
data,segment_20,12362121226793,True,22.9,0.0013812791416341027,True,0.0166,0.0045,204.0,0.3927,5.434,0.00085,0.152,0.0728,
data,segment_20,12363129973150,True,22.9,0.0011044079654179092,True,0.0198,0.005,204.0,0.3691,5.275,0.00075,0.152,0.0675,
data,segment_20,12364120303861,True,22.8,0.0008408863152295737,True,0.0237,0.0058,252.0,0.3761,5.282,0.00085,0.146,0.06,
data,segment_20,12365124392731,True,22.6,0.0008408863152295737,True,0.0204,0.0062,264.0,0.377,5.253,0.000663,0.142,0.0595,
data,segment_20,12366119054070,True,21.9,0.00129369525817419,True,0.017,0.0033,216.0,0.248,3.475,0.000737,0.141,0.0737,
data,segment_20,12367123288632,True,21.4,0.0018832189638388695,True,0.0143,0.0036,216.0,0.1264,2.349,0.000715,0.143,0.085,
data,segment_20,12368132987308,True,21.4,0.0026183598674833775,False,0.041,0.0079,204.0,0.1161,2.036,0.000694,0.158,0.0977,
data,segment_20,12369122285668,True,21.4,0.0024074871556025875,False,0.0533,0.0118,120.0,0.1246,2.09,0.000607,0.18,0.0884,
data,segment_20,12370126484827,True,21.7,0.0023916084646579345,False,0.0167,0.0024,84.0,0.1299,1.98,0.000595,0.212,0.1273,
data,segment_20,12371121334102,True,22.1,0.0010474683599938181,True,0.018,0.0038,72.0,0.1192,2.019,0.000444,0.228,0.0931,
data,segment_20,12372125769778,True,22.2,0.0007927046566188665,True,0.0169,0.0043,24.0,0.0962,1.909,0.000469,0.229,0.0802,
data,segment_20,12373120235195,True,22.2,0.0007889825765515406,True,0.015,0.0025,84.0,0.2893,4.749,0.000576,0.226,0.075,
data,segment_20,12374124204570,True,22.2,0.000830665444071817,True,0.0246,0.0068,204.0,0.5799,8.995,0.000666,0.203,0.0875,
data,segment_20,12375119132323,True,21.8,0.0009373424084706838,True,0.0417,0.0073,216.0,0.5909,9.033,0.000757,0.186,0.0666,
data,segment_20,12376123475864,True,21.7,0.001246721349429597,True,0.0564,0.0147,216.0,0.5982,9.082,0.000785,0.172,0.0634,
data,segment_20,12377127416500,True,21.6,0.001261338293538416,True,0.0313,0.0058,204.0,0.5981,9.092,0.000649,0.166,0.0667,
data,segment_21,12383124266296,True,19.1,0.003053792595024352,False,0.0202,0.0042,96.0,0.2454,2.534,0.001172,0.175,0.0663,
data,segment_21,12384132461971,True,18.9,0.002844571894825854,False,0.0294,0.0066,144.0,0.226,2.8,0.00102,0.174,0.059,
data,segment_21,12385131027100,True,18.9,0.0021942190426777423,False,0.0201,0.0034,132.0,0.241,2.962,0.00095,0.164,0.0488,
data,segment_21,12386131002643,True,19.1,0.002668294342149858,False,0.047,0.0108,120.0,0.3052,3.018,0.001197,0.167,0.053,
data,segment_21,12387131959672,True,19.4,0.0025948009426086296,False,0.0356,0.0085,120.0,0.2874,3.176,0.001102,0.163,0.0528,
data,segment_21,12388126327781,True,20.1,0.001930182015228263,True,0.054,0.0156,84.0,0.239,2.681,0.001036,0.15,0.0488,
data,segment_21,12389130934963,True,20.3,0.0013027382519606224,True,0.0319,0.0057,60.0,0.1729,2.392,0.000576,0.14,0.0397,
data,segment_21,12390125272990,True,20.3,0.0012535396962799756,True,0.0293,0.0065,144.0,0.2197,3.262,0.00057,0.141,0.0417,
data,segment_21,12391131309841,True,20.2,0.0012535396962799756,True,0.0208,0.0032,168.0,0.351,4.581,0.000498,0.126,0.0405,
data,segment_21,12392133821172,True,20.0,0.0012750323560634816,True,0.0181,0.0045,192.0,0.3883,5.151,0.000397,0.116,0.0331,
data,segment_21,12393129853261,True,20.0,0.0011998119769139354,True,0.0352,0.0079,228.0,0.4026,5.386,0.000641,0.126,0.0484,
data,segment_21,12394132683237,True,20.0,0.0015100042460234346,True,0.0432,0.0085,264.0,0.4103,5.379,0.000825,0.118,0.0778,
data,segment_21,12395132998773,True,20.8,0.0017296112849908454,True,0.0394,0.0063,204.0,0.3442,4.74,0.000768,0.125,0.0868,
data,segment_21,12396132248892,True,21.6,0.0013381142010057351,True,0.0413,0.0112,312.0,0.2649,3.71,0.000679,0.151,0.0984,
data,segment_21,12397130511766,True,21.9,0.0010498608462512493,True,0.0256,0.0048,300.0,0.2484,3.955,0.000748,0.183,0.1275,
data,segment_21,12398131293734,True,22.0,0.0009878129413768836,True,0.0212,0.0044,264.0,0.2331,3.79,0.000561,0.248,0.1406,
data,segment_21,12399125110449,True,22.2,0.0006755360227059474,True,0.0045,0.0011,216.0,0.2314,3.725,0.00049,0.28,0.1283,
data,segment_21,12400131678788,True,22.3,0.0006572267886378973,True,0.0046,0.001,192.0,0.2286,3.41,0.000551,0.289,0.1204,
data,segment_21,12401124671615,True,22.3,0.0006775230900179755,True,0.0179,0.0039,108.0,0.1339,2.544,0.0007,0.289,0.1204,
data,segment_21,12402132233453,True,22.3,0.0006773406258995733,True,0.0145,0.0032,120.0,0.0982,1.702,0.000709,0.29,0.1123,
data,segment_21,12403132489798,True,22.0,0.0008208458782124289,True,0.0294,0.0059,120.0,0.1167,2.088,0.000737,0.275,0.0845,
data,segment_21,12404127020603,True,21.7,0.0008428791272780496,True,0.0264,0.0055,132.0,0.1249,2.242,0.000739,0.265,0.0842,
data,segment_21,12405131963599,True,21.6,0.0012227663551450994,True,0.0104,0.0033,132.0,0.118,2.264,0.000694,0.261,0.0647,
data,segment_21,12406128549969,True,21.5,0.0012371912244861717,True,0.0152,0.0032,144.0,0.1356,2.312,0.000584,0.25,0.0588,
data,segment_21,12407133514701,True,21.5,0.001114451090940225,True,0.0242,0.0043,132.0,0.1858,2.486,0.0007,0.248,0.0625,
data,segment_21,12408125193325,True,21.3,0.0012683169164413417,True,0.0472,0.0127,168.0,0.1959,2.363,0.000813,0.242,0.0827,
data,segment_21,12409134672061,True,20.7,0.0017747047824965936,True,0.0368,0.0069,144.0,0.2069,2.349,0.000943,0.245,0.0937,
data,segment_21,12410133545042,True,19.2,0.002094361489356162,False,0.0283,0.0068,156.0,0.2066,2.343,0.001061,0.235,0.1078,
data,segment_21,12411128293993,True,18.9,0.0021360856321031483,False,0.0178,0.003,252.0,0.4231,5.125,0.00122,0.224,0.1172,
data,segment_21,12412132394528,True,18.6,0.0027292692535380377,False,0.019,0.005,312.0,0.8694,11.107,0.001267,0.204,0.1223,
data,segment_21,12413129022649,True,18.6,0.0026973259675235287,False,0.052,0.0135,312.0,0.8994,11.323,0.001576,0.178,0.1308,
data,segment_21,12414132518968,True,18.6,0.003432348715932536,False,0.0496,0.012,336.0,0.9047,11.503,0.001521,0.149,0.156,
data,segment_21,12415131579819,True,18.9,0.0032239239662885666,False,0.0567,0.014,300.0,0.9018,11.523,0.001348,0.138,0.1966,
data,segment_21,12416130850951,True,19.9,0.0019173535825587965,True,0.0396,0.0119,168.0,0.7674,8.675,0.001401,0.132,0.2159,
data,segment_21,12417124794327,True,20.6,0.0019838560605536073,True,0.0423,0.0084,180.0,0.2436,3.619,0.001483,0.151,0.2297,
data,segment_21,12418130834896,True,21.4,0.003939271283102279,False,0.0711,0.017,180.0,0.2328,3.126,0.001557,0.158,0.2487,
data,segment_21,12419130244404,True,22.1,0.005121604539453983,False,0.0476,0.0089,144.0,0.2159,2.346,0.001531,0.131,0.2614,
data,segment_21,12420129784094,True,22.5,0.005845914897838396,False,0.1125,0.0257,216.0,0.2349,2.431,0.001552,0.131,0.2533,
data,segment_21,12421132704024,True,22.7,0.005847451768498009,False,0.0987,0.019,204.0,0.2312,2.405,0.001144,0.158,0.2253,
data,segment_21,12422131357744,True,22.8,0.0032222500800292188,False,0.0566,0.0116,156.0,0.1912,1.996,0.000765,0.159,0.1624,
data,segment_21,12423132277710,True,23.0,0.0009853109623612817,True,0.0574,0.0121,180.0,0.1818,2.826,0.000588,0.171,0.1305,
data,segment_21,12424129984422,True,23.0,0.0009853109623612817,True,0.0134,0.0026,168.0,0.1522,2.808,0.000459,0.196,0.1018,
data,segment_21,12425131745081,True,23.1,0.0006203857014305333,True,0.0156,0.0032,156.0,0.1421,2.673,0.000456,0.216,0.0923,
data,segment_21,12426124898238,True,23.1,0.0012016006173071652,True,0.0301,0.0071,156.0,0.1486,2.836,0.000487,0.232,0.0875,
data,segment_21,12432131264615,True,22.7,0.0008214450854635215,True,0.0164,0.0039,72.0,0.1252,1.763,0.000674,0.153,0.1014,
data,segment_21,12433134054022,True,22.7,0.000515999034882691,True,0.0099,0.0023,72.0,0.0974,1.676,0.000473,0.147,0.0941,
data,segment_21,12434129954253,True,22.8,0.0004125945444797157,True,0.0114,0.0033,96.0,0.0996,1.484,0.000544,0.16,0.1156,
data,segment_21,12435124559546,True,23.0,0.0006520051993825382,True,0.0308,0.0072,132.0,0.1146,1.571,0.000756,0.167,0.1404,
data,segment_21,12436129389343,True,23.2,0.001529676044302382,True,0.0298,0.006,144.0,0.1502,1.849,0.001065,0.181,0.1863,
data,segment_21,12437133215016,True,23.4,0.0028634180756728083,False,0.0267,0.0082,180.0,0.1577,1.903,0.001389,0.191,0.2157,
data,segment_22,12443130398688,True,22.8,0.0027186037280799553,False,0.0507,0.0102,240.0,0.1639,2.089,0.000941,0.209,0.1882,
data,segment_22,12444134188814,True,22.8,0.0019029739633804378,True,0.0149,0.004,192.0,0.127,2.152,0.000825,0.237,0.1606,
data,segment_22,12445138741581,True,22.7,0.0014016504615446397,True,0.0128,0.0018,240.0,0.1416,2.526,0.000786,0.275,0.1436,
data,segment_22,12446133098239,True,22.4,0.0013199582713402864,True,0.0075,0.0011,216.0,0.1644,2.391,0.000669,0.343,0.1068,
data,segment_22,12447137303437,True,22.1,0.0012472255172087904,True,0.0218,0.0047,180.0,0.1566,2.392,0.000646,0.479,0.0883,
data,segment_22,12448132113309,True,21.7,0.0012488147219675899,True,0.0249,0.0058,192.0,0.1686,2.389,0.000639,0.568,0.0883,
data,segment_22,12449138498803,True,21.7,0.0012906270236468882,True,0.0278,0.0049,156.0,0.1855,2.274,0.000828,0.608,0.1308,
data,segment_22,12450130810663,True,21.7,0.0013050443927739477,True,0.0306,0.0076,96.0,0.1785,1.944,0.00119,0.698,0.1816,
data,segment_22,12451135495440,True,21.9,0.0015725773114557743,True,0.027,0.0055,108.0,0.1673,2.299,0.001237,0.714,0.1907,
data,segment_22,12452139499146,True,22.0,0.001665824323052883,True,0.0261,0.0054,108.0,0.1534,2.353,0.001144,0.707,0.1913,
data,segment_22,12453134534216,True,22.4,0.0013662076347161053,True,0.0203,0.0057,84.0,0.154,2.29,0.001267,0.66,0.1921,
data,segment_22,12454138338780,True,22.7,0.0013128695955242332,True,0.0179,0.0033,132.0,0.1512,2.238,0.001569,0.568,0.1987,
data,segment_22,12455133418442,True,23.0,0.0016639858093125803,True,0.0266,0.0066,132.0,0.1705,2.29,0.001233,0.468,0.1948,
data,segment_22,12456137314366,True,23.2,0.0012646550500329179,True,0.0266,0.0054,120.0,0.1398,2.063,0.001124,0.475,0.1881,
data,segment_22,12457131931464,True,23.2,0.0012520764784207273,True,0.0263,0.0069,168.0,0.127,1.993,0.001279,0.513,0.1744,
data,segment_22,12458136043846,True,23.2,0.0013850239352725608,True,0.0195,0.0057,204.0,0.117,2.419,0.001101,0.678,0.1406,
data,segment_22,12459130561273,True,21.9,0.001141635761846854,True,0.0166,0.0031,252.0,0.1173,2.543,0.000828,0.8,0.1013,
data,segment_22,12460135498355,True,21.5,0.000960347941443442,True,0.0153,0.0032,240.0,0.0922,2.433,0.000691,0.821,0.0761,
data,segment_22,12461139248927,True,21.0,0.0010697592155659737,True,0.0109,0.0021,204.0,0.1101,2.365,0.000742,0.821,0.0717,
data,segment_22,12462134498904,True,20.2,0.0011268341277442715,True,0.0087,0.0021,180.0,0.1176,2.458,0.000567,0.77,0.0662,
data,segment_22,12463138066321,True,19.5,0.0010426778417784552,True,0.021,0.0042,156.0,0.2256,3.308,0.000461,0.543,0.0604,
data,segment_22,12469134897668,False,14.6,0.06423744993769825,False,0.8129,0.1763,36.0,0.9127,6.486,0.0,0.034,1.7508,
data,segment_22,12470139209843,False,14.6,0.03936244412444163,False,0.2343,0.0502,36.0,0.8719,5.713,0.0,0.115,1.0864,
data,segment_22,12471133844148,False,15.1,0.02607885836577631,False,0.1194,0.0222,36.0,0.6195,5.394,0.0,0.151,0.4715,
data,segment_22,12472138333353,False,17.4,0.008905486256796102,False,0.102,0.0204,36.0,0.3364,3.349,0.0,0.324,0.3229,
data,segment_22,12473132576234,False,20.5,0.0035079308151733483,False,0.124,0.028,36.0,0.2335,2.392,0.0,0.419,0.2522,
data,segment_22,12474136848274,False,23.6,0.0019042827976553079,True,0.0528,0.0094,24.0,0.1637,2.309,0.0,0.541,0.0982,
data,segment_22,12475131645400,False,25.8,0.0012108157189884448,True,0.0197,0.0051,48.0,0.2329,2.865,0.0,0.659,0.0822,
data,segment_22,12476135713660,False,26.7,0.0010365695400882933,True,0.0373,0.0057,84.0,0.4237,6.715,0.0,0.698,0.0669,
data,segment_22,12477140231299,False,27.3,0.0011723051038286835,True,0.0464,0.0122,96.0,0.4552,7.429,0.0,0.735,0.0836,
data,segment_22,12478134778949,False,28.2,0.0008916326255047056,True,0.0543,0.0106,96.0,0.4642,7.431,0.0,0.764,0.0916,
data,segment_22,12479139044581,False,28.4,0.0012924866485953994,True,0.0736,0.017,96.0,0.4757,7.48,0.0,0.764,0.0842,
data,segment_22,12480133827433,False,28.9,0.0015628328195542752,True,0.0452,0.0068,84.0,0.4231,6.73,0.0,0.774,0.0676,
data,segment_22,12481137949853,False,29.0,0.0013242129410546994,True,0.0819,0.0209,108.0,0.3252,5.309,0.0,0.749,0.0815,
data,segment_22,12482133137220,False,29.1,0.0010705162851292218,True,0.0525,0.0106,108.0,0.3317,5.359,0.0,0.765,0.0621,
data,segment_22,12483136700828,False,29.1,0.000875002278985638,True,0.0404,0.0108,120.0,0.333,5.433,0.0,0.778,0.0543,
data,segment_22,12484131706287,False,28.9,0.0006915232966052237,True,0.0306,0.0041,120.0,0.3182,5.364,0.0,0.836,0.0529,
data,segment_22,12485135593167,False,28.6,0.0005894905513864093,True,0.0184,0.0039,96.0,0.2767,4.55,0.0,0.849,0.0475,
data,segment_22,12486139858751,False,28.6,0.0006540101284777724,True,0.0114,0.0022,36.0,0.1974,3.14,0.0,0.849,0.0467,
data,segment_22,12487134707070,False,28.6,0.0005578640180807153,True,0.0182,0.0038,0.0,0.1148,2.065,0.0,0.794,0.0407,
data,segment_22,12488138963705,False,28.9,0.00046252271558421367,True,0.0198,0.004,60.0,0.1708,3.159,0.0,0.769,0.039,
data,segment_22,12489133591211,False,29.0,0.0006235446780920029,True,0.0122,0.0026,72.0,0.1688,3.192,0.0,0.759,0.033,
data,segment_22,12490137570319,False,29.0,0.0006154299480840564,True,0.0237,0.0037,96.0,0.1657,3.158,0.0,0.745,0.0334,
data,segment_22,12491134341974,False,29.0,0.0006154299480840564,True,0.0295,0.0084,96.0,0.1673,3.15,0.0,0.723,0.0277,
data,segment_22,12492136471513,False,29.1,0.0007355851592065784,True,0.0226,0.0041,108.0,0.2479,4.202,0.0,0.688,0.0343,
data,segment_22,12493131295272,False,29.2,0.0007611456653527727,True,0.0339,0.0083,60.0,0.351,6.021,0.0,0.69,0.0524,
data,segment_22,12494135348765,False,29.5,0.000980946415492467,True,0.0229,0.0041,72.0,0.3574,5.979,0.0,0.686,0.0696,
data,segment_22,12495139908664,False,29.5,0.0009659081985964246,True,0.0111,0.0019,48.0,0.3576,5.995,0.0,0.69,0.0696,
data,segment_22,12496134273059,False,29.5,0.0009449074517763644,True,0.0079,0.0022,60.0,0.3835,6.123,0.0,0.708,0.0756,
data,segment_22,12497138704431,False,29.2,0.000771273564762574,True,0.027,0.005,48.0,0.258,3.892,0.0,0.71,0.0714,
data,segment_23,12509132340078,True,23.3,0.017281099223862444,False,0.1656,0.042,216.0,0.5194,3.826,0.002073,0.134,0.7686,
data,segment_23,12510126573011,True,23.3,0.012281231474745394,False,0.1403,0.0232,204.0,0.5595,3.778,0.001377,0.188,0.3542,
data,segment_23,12511131025779,True,23.3,0.005352690815925598,False,0.0896,0.0192,180.0,0.5271,3.796,0.000906,0.26,0.1943,
data,segment_23,12512127931214,True,23.3,0.0013883586507290602,True,0.0813,0.0187,156.0,0.3399,3.616,0.000576,0.283,0.1042,
data,segment_23,12513129663003,True,23.1,0.0010767520967533064,True,0.0467,0.0072,84.0,0.236,3.192,0.000466,0.297,0.0793,
data,segment_23,12514133949930,True,22.8,0.0005723340116482348,True,0.0157,0.0038,48.0,0.1758,2.612,0.000429,0.329,0.0594,
data,segment_23,12515128472259,True,22.7,0.0004912076070256904,True,0.0066,0.0011,36.0,0.1474,2.443,0.000434,0.347,0.0602,
data,segment_23,12516126415609,True,22.7,0.0003477662375508318,True,0.0119,0.003,24.0,0.1374,2.153,0.000401,0.356,0.0516,
data,segment_23,12517127474376,True,22.7,0.0003236446034968686,True,0.0081,0.0016,36.0,0.1458,2.407,0.00043,0.358,0.0408,
data,segment_23,12518134013886,True,22.7,0.0004499309870880097,True,0.0085,0.0023,36.0,0.1087,2.051,0.000422,0.346,0.0332,
data,segment_23,12519126176623,True,22.8,0.0005630100495181978,True,0.0051,0.0014,48.0,0.1104,1.889,0.000462,0.266,0.0318,
data,segment_23,12520130801096,True,22.8,0.0006828502037555429,True,0.0045,0.001,36.0,0.1061,1.879,0.000519,0.234,0.032,
data,segment_23,12521134882921,True,22.9,0.000715981276589594,True,0.0039,0.001,48.0,0.1084,1.978,0.000543,0.18,0.0286,
data,segment_23,12522129462161,True,22.9,0.000722349357313681,True,0.0078,0.002,48.0,0.1019,1.957,0.000491,0.153,0.0383,
data,segment_23,12523126268225,True,22.9,0.0007846434018574655,True,0.008,0.0014,48.0,0.1254,2.118,0.000558,0.144,0.0574,
data,segment_23,12529130965438,True,22.2,0.0012114160335024628,True,0.0372,0.0109,276.0,0.4343,5.155,0.000975,0.233,0.0644,
data,segment_23,12540129283943,True,21.4,0.0011469930452295443,True,0.018,0.0048,96.0,0.1567,2.313,0.000599,0.282,0.091,
data,segment_23,12541126514381,True,22.5,0.0010846435180132297,True,0.0122,0.002,108.0,0.1528,2.537,0.000651,0.282,0.0946,
data,segment_23,12542127976054,True,23.0,0.0011964093455624698,True,0.0246,0.0046,144.0,0.1996,2.558,0.00069,0.274,0.1168,
data,segment_23,12543125761200,True,23.1,0.0011964093455624698,True,0.0205,0.0047,108.0,0.2509,2.885,0.000755,0.266,0.1203,
data,segment_23,12544128345361,True,23.1,0.0010904521190155346,True,0.0344,0.0075,132.0,0.2482,3.227,0.000655,0.269,0.0924,
data,segment_23,12545132681061,True,23.1,0.0009470545636501391,True,0.0356,0.007,108.0,0.1938,3.066,0.000557,0.261,0.0671,
data,segment_23,12546135542812,True,23.0,0.0009406208225958599,True,0.0063,0.0011,108.0,0.1908,2.713,0.000506,0.271,0.0731,
data,segment_23,12547130236996,True,22.9,0.0009643197117839009,True,0.0098,0.0028,108.0,0.1924,2.669,0.00042,0.276,0.0709,
data,segment_23,12548127573082,True,22.9,0.000960437296770877,True,0.0141,0.0028,96.0,0.1864,2.683,0.000369,0.276,0.0696,
data,segment_23,12549129136604,True,22.9,0.0009251494775526226,True,0.0257,0.0062,60.0,0.1402,2.278,0.00043,0.258,0.0658,
data,segment_23,12550128022028,True,22.8,0.0009297593973009568,True,0.0211,0.0041,60.0,0.1753,2.564,0.000726,0.257,0.0881,
data,segment_23,12551134414642,True,22.8,0.0009582224409401384,True,0.0065,0.0012,60.0,0.1782,2.716,0.000768,0.256,0.0827,
data,segment_23,12552127138813,True,22.8,0.0008651993359081744,True,0.0128,0.0031,24.0,0.1666,2.619,0.0007,0.267,0.0582,
data,segment_23,12553127182008,True,22.8,0.0008294105188930398,True,0.0111,0.0021,24.0,0.1693,2.526,0.000644,0.286,0.0463,
data,segment_23,12554126531625,True,22.8,0.0008240087063894781,True,0.0043,0.0008,24.0,0.1559,2.47,0.000479,0.293,0.044,
data,segment_23,12555126313586,True,22.8,0.0007906401122113355,True,0.0026,0.0004,24.0,0.1425,2.646,0.000377,0.292,0.0372,
data,segment_23,12556132208029,True,22.9,0.0006677251007748742,True,0.0042,0.0011,72.0,0.1441,2.908,0.000333,0.278,0.0398,
data,segment_23,12557134217725,True,23.0,0.000634684084494197,True,0.0026,0.0005,120.0,0.1874,3.091,0.000291,0.263,0.0464,
data,segment_24,12563121226923,True,24.5,0.0005344778048877366,True,0.0293,0.0077,192.0,0.2527,3.852,0.0006,0.202,0.0731,
data,segment_24,12564126370421,True,21.8,0.0007786305989523306,True,0.0274,0.0062,228.0,0.2607,4.115,0.000719,0.215,0.0553,
data,segment_24,12565131899079,True,16.2,0.00079335849366244,True,0.0195,0.0051,240.0,0.2599,4.02,0.000749,0.221,0.07,
data,segment_24,12566125125405,True,16.2,0.0007093091081345612,True,0.0126,0.0031,240.0,0.2415,3.99,0.000763,0.287,0.0424,
data,segment_24,12567128748236,True,16.2,0.0008369027373817504,True,0.0069,0.001,204.0,0.2311,3.652,0.000865,0.304,0.0443,
data,segment_24,12568123683525,True,17.6,0.0011628728255130426,True,0.0035,0.0008,108.0,0.1212,1.846,0.000906,0.312,0.0654,
data,segment_24,12569127551445,True,20.5,0.0012559223020611188,True,0.0051,0.0013,84.0,0.1044,1.774,0.000967,0.337,0.0663,
data,segment_24,12570124562913,True,22.9,0.0014178315177559853,True,0.013,0.0014,60.0,0.1328,1.913,0.001,0.346,0.0746,
data,segment_24,12577126024377,True,24.9,0.00012501151650212705,True,0.0574,0.0097,36.0,0.1901,1.699,0.000249,0.478,0.1116,
data,segment_24,12578127501362,True,25.0,0.00010610271419864148,True,0.0085,0.0012,36.0,0.0708,1.404,0.000239,0.488,0.1087,
data,segment_24,12579123623735,True,25.0,9.904351591397717e-05,True,0.0017,0.0003,12.0,0.0869,1.541,0.000286,0.491,0.1134,
data,segment_24,12580126058840,True,25.1,0.00011818988423328847,True,0.0032,0.0009,12.0,0.1169,1.459,0.000348,0.491,0.1218,
data,segment_24,12581124800433,True,25.2,0.0001303115947122928,True,0.0041,0.0007,24.0,0.1185,1.498,0.000321,0.503,0.1189,
data,segment_24,12582125069412,True,25.2,0.00015925189099517354,True,0.0046,0.0011,24.0,0.1125,1.456,0.000401,0.516,0.1159,
data,segment_24,12583122199221,True,25.2,0.00023627764181324563,True,0.0077,0.0021,48.0,0.1257,1.455,0.000446,0.511,0.1067,
data,segment_24,12584128102038,True,25.2,0.00023627764181324563,True,0.0073,0.0017,48.0,0.1255,1.539,0.000371,0.51,0.0941,
data,segment_24,12585121626272,True,25.0,0.0002765713279414481,True,0.0146,0.0035,48.0,0.1013,1.708,0.00034,0.511,0.0828,
data,segment_24,12586124924133,True,25.0,0.000655992242788583,True,0.0105,0.0019,48.0,0.1115,1.9,0.000394,0.502,0.0838,
data,segment_24,12587127342955,True,25.0,0.0005252629681463999,True,0.0132,0.0027,36.0,0.1162,1.993,0.000329,0.476,0.0894,
data,segment_24,12588122114586,True,25.5,0.00040277229809528936,True,0.0163,0.0037,12.0,0.0996,1.863,0.0004,0.465,0.0994,
data,segment_24,12589126470429,True,26.6,0.00046047705539382217,True,0.0079,0.0013,12.0,0.0942,1.66,0.000505,0.465,0.1064,
data,segment_24,12590123537341,True,27.3,0.00041329359236931746,True,0.0071,0.0012,24.0,0.0968,1.734,0.000431,0.446,0.1107,
data,segment_24,12591124860388,True,28.0,0.0003286282357488848,True,0.0108,0.0026,12.0,0.0925,1.801,0.000422,0.417,0.1107,
data,segment_24,12592122700690,True,28.5,0.0003045005352000697,True,0.0094,0.002,12.0,0.104,2.097,0.000313,0.391,0.1235,
data,segment_24,12593125124086,True,28.9,0.0003172011042225851,True,0.009,0.0017,96.0,0.1343,2.857,0.000212,0.366,0.125,
data,segment_24,12594123858031,True,28.9,0.00033323127129445876,True,0.0078,0.0017,84.0,0.1409,2.945,0.000175,0.311,0.1273,
data,segment_24,12600124668135,False,20.3,0.026245206594467163,False,0.043,0.0065,72.0,0.3399,3.45,0.0,0.02,0.3325,
data,segment_24,12601123988674,False,18.0,0.02704735112792417,False,0.0333,0.0062,72.0,0.3654,3.171,0.0,0.015,0.3277,
data,segment_24,12602123443813,False,15.0,0.027242263828725667,False,0.0768,0.0147,48.0,0.3334,3.262,0.0,0.012,0.3325,
data,segment_24,12603127776352,False,15.1,0.02812555434168914,False,0.0881,0.0203,24.0,0.3089,3.341,0.0,0.012,0.7545,
data,segment_24,12609124451216,True,24.0,0.015102956473703381,False,0.0186,0.0045,120.0,0.1725,3.236,0.001717,0.199,0.6007,
data,segment_24,12610121571106,True,26.5,0.010011653281308977,False,0.0235,0.0052,96.0,0.1941,3.201,0.001679,0.424,0.436,
data,segment_24,12611126662907,True,28.4,0.00624728662024139,False,0.0341,0.0072,72.0,0.2086,2.852,0.001418,0.732,0.2977,
data,segment_24,12612127786470,True,29.5,0.003564313503160071,False,0.0449,0.01,24.0,0.1797,1.711,0.000923,0.914,0.2312,
data,segment_24,12613122415686,True,30.0,0.0016382018817100677,True,0.0432,0.0091,0.0,0.1579,1.643,0.000753,0.952,0.1283,
data,segment_24,12614126847232,True,30.1,0.0010841271283969474,True,0.0097,0.0021,0.0,0.1616,2.031,0.000753,0.956,0.1283,
data,segment_24,12615125459029,True,30.1,0.0009331160273137321,True,0.016,0.0028,36.0,0.1495,2.503,0.000647,0.956,0.1181,
data,segment_24,12616125620030,True,30.1,0.0007666077295383868,True,0.0278,0.0072,60.0,0.1303,2.628,0.00054,0.953,0.1257,
data,segment_24,12617122270162,True,30.1,0.0005044109342706915,True,0.0227,0.0041,84.0,0.1246,2.712,0.000498,0.949,0.1453,
data,segment_25,12623116755557,True,31.5,0.0004726023044174879,True,0.0187,0.0046,144.0,0.1038,2.037,0.000361,0.294,0.111,
data,segment_25,12624121840110,True,31.5,0.000651004382851178,True,0.0421,0.0096,132.0,0.1001,2.041,0.000297,0.334,0.095,
data,segment_25,12625125307539,True,31.3,0.0007539981256030954,True,0.0319,0.0068,120.0,0.0986,1.967,0.000334,0.323,0.0863,
data,segment_25,12626125078378,True,30.6,0.0008185561209058383,True,0.0402,0.0103,132.0,0.1023,1.963,0.000567,0.255,0.114,
data,segment_25,12627124264793,True,29.0,0.0008238687704606887,True,0.0297,0.0051,72.0,0.1002,1.975,0.000449,0.217,0.1003,
data,segment_25,12628120939134,True,27.3,0.0009279136149943859,True,0.0348,0.008,84.0,0.0909,1.848,0.000348,0.158,0.0863,
data,segment_25,12629123035326,True,25.9,0.0008333390033874639,True,0.0286,0.0052,84.0,0.0915,1.73,0.000441,0.152,0.0754,
data,segment_25,12630117393490,True,24.0,0.0007699136862198019,True,0.0189,0.0048,120.0,0.097,1.779,0.000453,0.154,0.0684,
data,segment_25,12631122139838,True,21.4,0.0007283839063425993,True,0.0166,0.0027,108.0,0.1107,1.765,0.000449,0.163,0.0511,
data,segment_25,12632126220205,True,18.6,0.0008028635007278411,True,0.0023,0.0006,156.0,0.1081,1.564,0.000624,0.182,0.0443,
data,segment_25,12639117824449,True,25.4,0.000336000754032284,True,0.009,0.0023,180.0,0.1758,3.655,0.000228,0.251,0.0729,
data,segment_25,12640122129775,True,29.5,0.000303975572509061,True,0.0085,0.0023,144.0,0.1705,3.673,0.000228,0.219,0.0947,
data,segment_25,12641116969250,True,31.8,0.0003527854431730969,True,0.0151,0.0033,156.0,0.1657,3.691,0.000241,0.201,0.1104,
data,segment_25,12642126025082,True,33.0,0.00041547537217941977,True,0.009,0.0023,144.0,0.1569,3.608,0.000225,0.194,0.1258,
data,segment_25,12643124926195,True,33.9,0.0003827725328141866,True,0.0221,0.0043,144.0,0.1098,3.031,0.000253,0.186,0.1314,
data,segment_25,12644124311939,True,34.3,0.0003643783405755375,True,0.0266,0.0058,48.0,0.0959,1.999,0.000276,0.184,0.1425,
data,segment_25,12645123801241,True,34.7,0.00033178849844262004,True,0.0125,0.0027,96.0,0.0762,1.554,0.000281,0.19,0.1458,
data,segment_25,12646123343635,True,35.2,0.0002760775532806292,True,0.0177,0.0041,192.0,0.0949,2.349,0.000284,0.195,0.1428,
data,segment_25,12647122521384,True,35.5,0.00024537634453736246,True,0.0117,0.0022,216.0,0.1012,2.613,0.000294,0.196,0.1454,
data,segment_25,12648125158647,True,35.7,0.0002463504521621342,True,0.0222,0.0039,204.0,0.0996,2.6,0.000315,0.196,0.1512,
data,segment_25,12649125870103,True,36.1,0.00026538259868630614,True,0.0268,0.0065,192.0,0.0931,2.616,0.000306,0.205,0.1428,
data,segment_25,12650125693350,True,36.3,0.0003222934197432465,True,0.0192,0.0037,192.0,0.1,3.191,0.000306,0.212,0.1443,
data,segment_25,12651122131704,True,36.7,0.0005882855135459606,True,0.0342,0.0089,72.0,0.0908,2.533,0.000306,0.224,0.1531,
data,segment_25,12652126086428,True,36.9,0.0008053510100580752,True,0.0353,0.0067,60.0,0.1163,2.589,0.000299,0.257,0.1369,
data,segment_25,12653122205000,True,37.5,0.0008540455440384048,True,0.0356,0.0095,48.0,0.1202,2.573,0.000271,0.265,0.116,
data,segment_25,12654123982911,True,38.1,0.0008353598807905802,True,0.0595,0.0118,60.0,0.1494,2.601,0.000349,0.235,0.1602,
data,segment_25,12655123507533,True,38.6,0.0008463381673209369,True,0.0647,0.0128,36.0,0.1683,2.121,0.00043,0.227,0.1781,
data,segment_25,12656125847227,True,39.1,0.0009271639250462765,True,0.0301,0.0069,84.0,0.187,2.685,0.000464,0.249,0.1696,
data,segment_25,12657116942208,True,39.4,0.0008878134799993234,True,0.0333,0.0064,84.0,0.168,2.579,0.000446,0.272,0.1805,
data,segment_25,12658124975637,True,39.7,0.0008427414414263381,True,0.033,0.006,84.0,0.1391,2.773,0.000425,0.312,0.1722,
data,segment_25,12659124619661,True,39.8,0.0008391393930651248,True,0.0381,0.0094,60.0,0.1376,2.757,0.000354,0.367,0.1471,
data,segment_25,12660123279283,True,39.9,0.0003781038334278139,True,0.0223,0.0043,72.0,0.1474,2.656,0.000246,0.558,0.1194,
data,segment_25,12661124602423,True,40.1,0.00024968044130909306,True,0.0296,0.0069,12.0,0.127,2.409,0.000222,0.697,0.1099,
data,segment_25,12662117912595,True,40.1,0.00020928165956625086,True,0.0183,0.0031,36.0,0.1186,2.692,0.000237,0.762,0.1069,
data,segment_25,12663123551525,True,40.1,0.00019584607798606157,True,0.0034,0.0009,48.0,0.1208,2.631,0.000227,0.762,0.1098,
data,segment_25,12664122664800,True,40.1,0.0002001879064455057,True,0.02,0.0039,48.0,0.1214,2.534,0.00023,0.757,0.1148,
data,segment_25,12665125517418,True,40.1,0.00021079806901980191,True,0.019,0.0042,36.0,0.1136,2.4,0.000226,0.727,0.1365,
data,segment_25,12666117021474,True,39.6,0.0004243176092792994,True,0.0232,0.004,60.0,0.1102,2.154,0.000234,0.442,0.1485,
data,segment_25,12667123826154,True,37.6,0.000493868530111193,True,0.0246,0.006,60.0,0.1149,1.959,0.000251,0.301,0.1535,
data,segment_25,12668125600615,True,34.0,0.0005268016586974186,True,0.0123,0.0025,108.0,0.1202,2.021,0.000316,0.24,0.1538,
data,segment_25,12669123985182,True,30.3,0.0004974216005650851,True,0.0144,0.0035,156.0,0.1236,1.991,0.000564,0.215,0.1355,
data,segment_25,12670124360232,True,26.1,0.0004974216005650851,True,0.0081,0.0018,180.0,0.132,2.053,0.000996,0.221,0.0814,
data,segment_26,12683123768184,True,36.9,0.0022290925353012094,False,0.025,0.0051,36.0,0.1121,2.39,0.001137,0.385,0.2402,
data,segment_26,12684126063365,True,37.9,0.0021465453319251537,False,0.0112,0.0025,24.0,0.1051,2.332,0.001139,0.366,0.2419,
data,segment_26,12685130327468,True,38.7,0.0020888638446693924,False,0.0101,0.0021,12.0,0.1009,2.452,0.001178,0.344,0.2455,
data,segment_26,12686124880880,True,39.2,0.0020373308766761765,False,0.0086,0.0026,24.0,0.0959,2.207,0.001142,0.32,0.25,
data,segment_26,12687123789435,True,39.4,0.002037616213783622,False,0.0088,0.0017,24.0,0.0767,1.672,0.001044,0.306,0.2412,
data,segment_26,12688125203757,True,39.6,0.002035438548773527,False,0.0086,0.0014,24.0,0.0826,1.696,0.000987,0.306,0.2343,
data,segment_26,12689128575126,True,39.7,0.002044445699045931,False,0.0119,0.0036,60.0,0.0964,1.877,0.001012,0.299,0.245,
data,segment_26,12690132367846,True,40.3,0.002041936622573514,False,0.0093,0.0021,72.0,0.105,1.804,0.000904,0.306,0.2571,
data,segment_26,12691127231810,True,41.5,0.0020034119952470064,False,0.012,0.0024,72.0,0.0992,1.74,0.000848,0.293,0.2366,
data,segment_26,12692131425643,True,42.7,0.002003271994229808,False,0.0451,0.0087,72.0,0.1359,1.736,0.000827,0.293,0.2321,
data,segment_26,12693126275168,True,43.8,0.002048989217175025,False,0.0317,0.0077,60.0,0.1414,1.683,0.000648,0.289,0.2072,
data,segment_26,12694130420867,True,44.6,0.0020747290914842707,False,0.0655,0.014,24.0,0.1214,1.578,0.000584,0.292,0.14,
data,segment_26,12695125091380,True,44.9,0.002072727609190779,False,0.0763,0.0154,24.0,0.1105,1.487,0.000422,0.28,0.1129,
data,segment_26,12696129016141,True,45.1,0.0019539605224495682,True,0.0444,0.0081,60.0,0.1187,1.507,0.000314,0.291,0.1003,
data,segment_26,12697124013186,True,45.9,0.0017957456231534308,True,0.055,0.0132,60.0,0.0968,1.52,0.000309,0.313,0.0872,
data,segment_26,12698128011837,True,47.2,0.001795951264621283,True,0.0518,0.0105,108.0,0.1414,1.5,0.000365,0.302,0.0978,
data,segment_26,12699132356843,True,48.3,0.0018217160650021954,True,0.0476,0.0126,120.0,0.2637,1.461,0.000365,0.278,0.1454,
data,segment_26,12700127111409,True,49.0,0.0022244615242424893,False,0.1219,0.0193,132.0,0.2626,1.62,0.000481,0.254,0.1635,
data,segment_26,12701131170845,True,49.0,0.002253944210384538,False,0.1549,0.0408,132.0,0.2448,1.918,0.000503,0.253,0.2106,
data,segment_26,12712129673642,False,35.7,0.00014888394640741009,True,0.022,0.0054,12.0,0.0713,1.543,0.0,0.965,0.0361,
data,segment_26,12713124391327,False,29.1,0.00016316391567512575,True,0.0107,0.0025,12.0,0.0708,1.496,0.0,0.941,0.0504,
data,segment_26,12714128635904,False,23.9,0.00016174836752944692,True,0.0158,0.0035,12.0,0.0704,1.449,0.0,0.81,0.0538,
data,segment_26,12715132884510,False,20.0,0.00020168407938353,True,0.0037,0.0005,12.0,0.0557,1.242,0.0,0.408,0.0505,
data,segment_27,12788125599141,False,20.5,0.03357272173916668,False,0.2875,0.0641,36.0,0.4195,2.409,0.0,0.013,0.9372,
data,segment_27,12789120322503,False,22.5,0.0333469968245863,False,0.1949,0.0392,36.0,0.3858,3.325,0.0,0.019,0.9424,
data,segment_27,12790124448607,False,24.8,0.031139967679038847,False,0.2896,0.0539,48.0,0.3494,4.275,0.0,0.024,0.93,
data,segment_27,12791119022687,False,27.1,0.026744078975837773,False,0.1732,0.0332,36.0,0.3935,4.32,0.0,0.045,0.7567,
data,segment_27,12792123922065,False,30.4,0.02358106705786566,False,0.2839,0.0795,24.0,0.6149,4.172,0.0,0.07,0.1322,
data,segment_28,12803112304229,True,44.7,0.00024917751955582897,True,0.0168,0.0038,60.0,0.1225,2.497,0.00021,0.501,0.0871,
data,segment_28,12804118245623,True,45.7,0.00024015117734376811,True,0.0342,0.0069,12.0,0.1217,2.225,0.000215,0.866,0.0785,
data,segment_28,12805126630288,True,46.5,0.0003096054866416723,True,0.0429,0.0101,12.0,0.1163,1.957,0.000185,0.936,0.06,
data,segment_28,12806121078628,True,47.1,0.0003730825311950786,True,0.0178,0.003,24.0,0.1266,1.971,0.000126,0.965,0.042,
data,segment_28,12807118416310,True,47.7,0.0003434478088784531,True,0.0271,0.0066,24.0,0.1117,2.024,0.000115,0.972,0.042,
data,segment_28,12808122253401,True,48.2,0.0002672174173864247,True,0.0242,0.0042,24.0,0.1197,2.275,0.000162,0.974,0.0499,
data,segment_28,12809118585491,True,48.8,0.000254249538691372,True,0.0057,0.0012,36.0,0.124,2.298,0.000258,0.974,0.0893,
data,segment_28,12810118339081,True,49.3,0.00022803217871114612,True,0.0033,0.0009,60.0,0.1344,2.545,0.000279,0.973,0.0939,
data,segment_28,12811117509906,True,49.6,0.00017884232800163927,True,0.0106,0.0021,156.0,0.1822,3.446,0.000275,0.968,0.0951,
data,segment_28,12812122001558,True,49.9,0.0001803121791346401,True,0.0179,0.0041,156.0,0.1926,3.746,0.000288,0.962,0.098,
data,segment_28,12813120908314,True,50.5,0.0002051404889528636,True,0.0215,0.0032,168.0,0.1878,3.615,0.000308,0.951,0.1102,
data,segment_28,12814120793525,True,50.7,0.0003082412977066844,True,0.0883,0.0169,156.0,0.2421,3.558,0.000356,0.95,0.152,
data,segment_28,12815120978683,True,51.4,0.0004407596019868967,True,0.1061,0.026,120.0,0.3436,3.367,0.000741,0.943,0.2403,
data,segment_28,12816119548577,True,52.2,0.0013714192669043983,True,0.0688,0.0138,36.0,0.3414,2.304,0.000869,0.945,0.3187,
data,segment_28,12817117520967,True,53.4,0.0031335041858255863,False,0.1062,0.0287,24.0,0.2533,2.003,0.001008,0.949,0.3699,
data,segment_28,12818118808665,True,54.7,0.003241181606426835,False,0.0641,0.0106,24.0,0.1641,1.986,0.001054,0.95,0.4085,
data,segment_28,12819112871346,True,55.8,0.0032778297764533147,False,0.0403,0.0087,36.0,0.1372,2.183,0.000948,0.949,0.4077,
data,segment_28,12820117429944,True,56.9,0.00327777311807987,False,0.1242,0.0275,24.0,0.171,2.11,0.000758,0.952,0.3848,
data,segment_28,12821121754508,True,57.8,0.003196235978975892,False,0.1265,0.026,12.0,0.2567,1.969,0.000353,0.957,0.2865,
data,segment_28,12822119582088,True,58.8,0.0023886798784952348,False,0.0397,0.0077,12.0,0.3344,2.039,0.000204,0.962,0.1361,
data,segment_28,12823120803827,True,59.3,0.001257839926732801,True,0.0523,0.0121,0.0,0.334,1.997,0.000179,0.972,0.0422,
data,segment_28,12824116618368,True,59.5,0.0005611500351529333,True,0.0295,0.0049,0.0,0.2679,1.81,0.000147,0.979,0.029,
data,segment_28,12825119386409,True,59.5,0.0003375373489689082,True,0.0488,0.0093,12.0,0.1918,1.824,0.000161,0.981,0.03,
data,segment_28,12826119385603,True,59.5,0.0003375793831702715,True,0.1689,0.0335,24.0,0.2685,2.122,0.00019,0.981,0.0429,
data,segment_28,12827118499026,True,59.1,0.0003395718040532041,True,0.1084,0.0255,24.0,0.2739,2.246,0.000205,0.979,0.1136,
data,segment_28,12828116769904,True,58.9,0.0003780556503097947,True,0.1903,0.0457,12.0,0.2732,2.213,0.000181,0.816,0.1389,
data,segment_28,12829119432649,True,58.9,0.0005651643109584938,True,0.1917,0.0345,12.0,0.2933,2.769,0.00019,0.224,0.1712,
data,segment_28,12830117932505,True,58.9,0.0007074316963553429,True,0.0574,0.0137,12.0,0.3121,2.939,0.000226,0.224,0.1266,
data,segment_28,12831117777721,True,59.0,0.0006760402322762917,True,0.0474,0.0093,12.0,0.2464,2.847,0.000208,0.224,0.1047,
data,segment_28,12832120294946,True,59.0,0.0005338894488025112,True,0.0676,0.0149,36.0,0.2382,3.021,0.000242,0.5,0.0975,
data,segment_28,12833118334039,True,59.0,0.0005091479404203818,True,0.0575,0.0132,144.0,0.2164,3.403,0.000281,0.8,0.0865,
data,segment_28,12834121227838,True,57.7,0.0003605475237888942,True,0.0229,0.0058,156.0,0.1835,3.125,0.000365,0.947,0.0921,
data,segment_28,12835116882503,True,55.7,0.00017655364554873735,True,0.0183,0.0023,168.0,0.1595,3.006,0.000303,0.968,0.0805,
data,segment_28,12836118800863,True,53.2,5.699081824276507e-05,True,0.007,0.0015,168.0,0.1283,2.891,0.000246,0.972,0.0659,
data,segment_28,12837121947351,True,50.7,4.386408970369152e-05,True,0.0042,0.0012,144.0,0.1162,2.752,0.000222,0.976,0.0578,
data,segment_28,12838118997613,True,49.2,4.9591376718614115e-05,True,0.0067,0.0013,48.0,0.1183,2.658,0.000174,0.977,0.0481,
data,segment_28,12839121161422,True,48.4,7.376350643952034e-05,True,0.0162,0.0038,60.0,0.1564,2.857,0.000147,0.976,0.0457,
data,segment_28,12840117978340,True,47.7,0.00012692313381567374,True,0.0119,0.0021,48.0,0.1472,2.722,0.000169,0.978,0.0463,
data,segment_28,12841114372900,True,47.3,0.0001382380823545257,True,0.0143,0.0031,36.0,0.1415,2.649,0.000224,0.98,0.0622,
data,segment_28,12842114668988,True,45.7,0.00013680089014982914,True,0.0152,0.0031,24.0,0.1364,2.516,0.000343,0.978,0.0908,
data,segment_28,12843118905718,True,44.9,0.00010084583097541145,True,0.0052,0.001,12.0,0.1176,2.044,0.000362,0.978,0.0943,
data,segment_28,12844118380369,True,44.8,5.865069308882545e-05,True,0.0099,0.0019,12.0,0.0765,1.798,0.00036,0.979,0.0932,
data,segment_28,12845117649056,True,44.8,4.816253567696549e-05,True,0.0106,0.0026,12.0,0.0761,2.031,0.00027,0.98,0.0696,
data,segment_28,12846121971295,True,44.7,5.5027830311225604e-05,True,0.0054,0.0009,12.0,0.0898,2.1,0.000134,0.977,0.0503,
data,segment_28,12847119117728,True,44.6,7.721853035036474e-05,True,0.0028,0.0006,0.0,0.0935,1.996,0.000124,0.975,0.0495,
data,segment_28,12848120966793,True,44.4,8.695030048916504e-05,True,0.0058,0.001,0.0,0.0843,1.857,0.000131,0.972,0.0514,
data,segment_28,12849117141745,True,44.4,9.730111196404323e-05,True,0.0077,0.0023,0.0,0.0799,1.787,0.000257,0.959,0.0917,
data,segment_28,12850112307389,True,44.4,0.00017634243704378605,True,0.0625,0.0122,0.0,0.1509,1.572,0.000338,0.947,0.1206,
data,segment_28,12851117180766,True,44.4,0.0002547968081325348,True,0.044,0.0107,12.0,0.1481,1.479,0.000357,0.93,0.1247,
data,segment_28,12852118621890,True,44.8,0.0006526900689414817,True,0.0833,0.0205,12.0,0.1553,1.815,0.000371,0.74,0.1403,
data,segment_28,12853116384160,True,45.5,0.0007527307484604687,True,0.0849,0.0153,12.0,0.1575,1.939,0.000394,0.74,0.1567,
data,segment_28,12854117804429,True,46.3,0.0012174220700742148,True,0.0237,0.0052,12.0,0.203,2.131,0.000479,0.74,0.1567,
data,segment_28,12855122050816,True,46.4,0.0012174220700742148,True,0.0279,0.0054,0.0,0.196,2.317,0.000635,0.929,0.1766,
data,segment_28,12856121409504,True,46.4,0.0011431340826675296,True,0.0534,0.012,12.0,0.1843,2.345,0.000635,0.951,0.1868,
data,segment_28,12857120761696,True,46.3,0.0011492689860783116,True,0.0502,0.0109,12.0,0.1155,2.197,0.000638,0.96,0.1961,
data,segment_31,13021124124955,True,23.6,0.0022668131920676347,False,0.0031,0.0009,156.0,0.1507,2.683,0.001632,0.268,0.2424,
data,segment_31,13022118702096,True,25.9,0.0017376410331300211,True,0.0288,0.0044,168.0,0.1709,3.119,0.001795,0.292,0.2274,
data,segment_31,13023122986779,True,28.0,0.0017295019356695206,True,0.0437,0.0108,144.0,0.1808,3.198,0.001427,0.316,0.2127,
data,segment_31,13024117721745,True,29.8,0.001672095671093669,True,0.0794,0.0153,84.0,0.1781,3.234,0.001156,0.316,0.1942,
data,segment_31,13025121940828,True,31.4,0.0015974051784723997,True,0.0956,0.0226,108.0,0.1417,2.489,0.00098,0.429,0.1777,
data,segment_31,13026126188097,True,32.2,0.001584795908074665,True,0.0595,0.0139,108.0,0.14,2.522,0.000689,0.675,0.1159,
data,segment_31,13027120253390,True,32.2,0.0011551508981654766,True,0.0592,0.0117,96.0,0.1244,1.843,0.000658,0.77,0.1149,
data,segment_31,13028124918784,True,32.2,0.0004761192260157567,True,0.025,0.0075,84.0,0.1321,1.663,0.000693,0.824,0.1165,
data,segment_31,13029119586149,True,32.1,0.0004545215388229687,True,0.0254,0.0051,84.0,0.1284,1.511,0.000495,0.823,0.1004,
data,segment_31,13030123964339,True,32.1,0.0004753706351106992,True,0.0413,0.0093,36.0,0.1042,1.276,0.000527,0.806,0.1188,
data,segment_31,13031118861870,True,32.2,0.0004801398173095847,True,0.0216,0.0039,36.0,0.0784,1.402,0.000674,0.772,0.1555,
data,segment_31,13032122759167,True,33.2,0.0011669037477832875,True,0.0074,0.0022,0.0,0.0875,1.759,0.000743,0.755,0.1955,
data,segment_31,13033117219292,True,34.3,0.001596084626050703,True,0.0152,0.002,24.0,0.1034,1.822,0.000754,0.762,0.2413,
data,segment_31,13034121597992,True,34.3,0.0021535778025346206,False,0.0206,0.0049,36.0,0.1148,1.87,0.000767,0.788,0.2522,
data,segment_31,13035122131634,True,34.3,0.0024257211480289698,False,0.0566,0.0114,36.0,0.1122,1.776,0.000888,0.818,0.2572,
data,segment_31,13036120467221,True,33.8,0.002535949392712048,False,0.0573,0.0131,48.0,0.1243,2.126,0.000963,0.852,0.2686,
data,segment_31,13037124773611,True,33.8,0.002535952953621745,False,0.0204,0.0049,48.0,0.1146,1.859,0.00101,0.901,0.2556,
data,segment_32,13043121379576,True,41.2,0.0011923996940807749,True,0.0272,0.0063,0.0,0.1175,1.581,0.000816,0.941,0.148,
data,segment_32,13044125453289,True,41.6,0.0008264153978931684,True,0.022,0.0043,0.0,0.1367,1.583,0.000738,0.941,0.148,
data,segment_32,13045129846423,True,42.0,0.0008258054278768427,True,0.0245,0.0055,0.0,0.1473,1.578,0.000735,0.943,0.1742,
data,segment_32,13046124332252,True,42.5,0.0008253808367238804,True,0.0233,0.0044,0.0,0.1205,1.785,0.000835,0.959,0.2193,
data,segment_32,13047128625152,True,43.0,0.0010934706237422506,True,0.0117,0.0024,0.0,0.102,1.917,0.001103,0.96,0.2655,
data,segment_32,13053125132141,False,35.4,0.0027530457058061574,False,0.0573,0.0079,12.0,0.3684,1.702,0.0,0.834,0.2769,
data,segment_32,13054129607029,False,30.3,0.002740093979005453,False,0.0983,0.0157,0.0,0.4222,1.621,0.0,0.39,0.3868,
data,segment_32,13089124060275,False,28.4,0.012910710184637499,False,0.6275,0.151,60.0,0.6968,2.956,0.0,0.359,0.6397,
data,segment_32,13090128409732,False,40.1,0.007985895842052504,False,0.3016,0.0549,60.0,0.5132,2.924,0.0,0.362,0.6546,
data,segment_32,13091122922085,False,46.0,0.005980398603360847,False,0.1584,0.0343,60.0,0.2988,2.348,0.0,0.381,0.7433,
data,segment_32,13092127175680,False,48.3,0.0058601757615615166,False,0.2891,0.0551,24.0,0.4106,2.439,0.0,0.44,0.7433,
data,segment_32,13093121913195,False,52.8,0.005580733285536437,False,0.2503,0.0581,36.0,0.594,2.403,0.0,0.592,0.7167,
data,segment_32,13094126065460,False,53.8,0.002859432030204258,False,0.3458,0.0713,12.0,0.5898,2.314,0.0,0.835,0.5642,
data,segment_32,13095130467774,False,53.8,0.001694370629210299,True,0.4104,0.0841,12.0,0.5038,2.273,0.0,0.842,0.5642,
data,segment_32,13096125079698,False,53.4,0.0009272967243625419,True,0.1056,0.0168,36.0,0.2848,1.713,0.0,0.842,0.6857,
data,segment_32,13097129254073,False,52.5,0.0007666784784607986,True,0.0864,0.017,36.0,0.2734,1.574,0.0,0.796,0.8656,
data,segment_33,13103109067082,False,30.4,0.0028559859787002538,False,0.02,0.0048,24.0,0.1205,1.984,0.0,0.686,0.0959,
data,segment_34,13182108693838,True,13.9,0.0012844224693253636,True,0.0062,0.0015,84.0,0.1069,1.693,0.00091,0.714,0.0723,
data,segment_34,13183110926271,True,15.6,0.0012323965652778328,True,0.0081,0.0015,84.0,0.0989,1.571,0.001107,0.762,0.0959,
data,segment_34,13184103895000,True,17.4,0.0011165256146341562,True,0.0012,0.0003,96.0,0.1018,1.6,0.000982,0.805,0.1074,
data,segment_34,13185111560047,True,19.2,0.0010798533559723943,True,0.0021,0.0003,108.0,0.104,1.806,0.000982,0.848,0.1084,
data,segment_34,13186102773407,True,20.2,0.001002099811589419,True,0.0084,0.0018,108.0,0.1055,1.96,0.000694,0.888,0.1067,
data,segment_34,13187112573678,True,20.7,0.0007867854189333671,True,0.0068,0.0014,132.0,0.1099,2.034,0.000517,0.893,0.0986,
data,segment_34,13188102382590,True,21.6,0.0006554202157158886,True,0.0197,0.0045,156.0,0.1301,2.17,0.000431,0.89,0.0937,
data,segment_34,13189111162458,True,22.7,0.00047924147250442083,True,0.0144,0.0029,168.0,0.1275,2.46,0.000323,0.847,0.0897,
data,segment_34,13190113302658,True,23.5,0.0005337981948652799,True,0.0218,0.0059,168.0,0.1365,2.533,0.000311,0.739,0.0821,
data,segment_34,13191107513722,True,23.6,0.00066656140781221,True,0.0154,0.003,168.0,0.1556,2.623,0.000236,0.583,0.0905,
data,segment_34,13192109799034,True,23.7,0.0006784563884139061,True,0.0188,0.0047,168.0,0.1582,2.684,0.000197,0.368,0.1043,
data,segment_34,13193103567425,True,23.8,0.0008157099856827932,True,0.0228,0.0049,180.0,0.1754,2.839,0.000236,0.302,0.149,
data,segment_34,13194110183426,True,24.4,0.0011070211185142398,True,0.0145,0.0032,120.0,0.1874,2.582,0.000493,0.288,0.2051,
data,segment_34,13195102853762,True,25.6,0.001374191621597309,True,0.0172,0.0031,120.0,0.1796,2.447,0.000903,0.274,0.2798,
data,segment_34,13196111091782,True,26.7,0.0020048651543685104,False,0.0188,0.0042,168.0,0.1744,2.809,0.00123,0.263,0.3629,
data,segment_34,13197102075289,True,27.5,0.0027238766580850084,False,0.0081,0.0018,228.0,0.1629,2.822,0.001452,0.261,0.4038,
data,segment_34,13198110413319,True,28.4,0.0028224022514519087,False,0.0082,0.0025,240.0,0.1643,3.068,0.001572,0.262,0.4162,
data,segment_34,13199110404889,True,28.9,0.0027819866452216324,False,0.011,0.0022,252.0,0.1826,3.33,0.001615,0.262,0.4124,
data,segment_34,13200107712275,True,29.6,0.0027811883865347478,False,0.0068,0.0016,240.0,0.1844,3.482,0.001732,0.304,0.3882,
data,segment_34,13201109967083,True,30.0,0.002786465882475982,False,0.0239,0.0053,192.0,0.1751,3.161,0.001609,0.69,0.2939,
data,segment_34,13202103483784,True,31.0,0.0027017258468696815,False,0.0352,0.0067,108.0,0.186,2.908,0.001173,0.771,0.2402,
data,segment_34,13203109325932,True,31.9,0.0025725200185022466,False,0.0513,0.0139,48.0,0.1796,2.457,0.000789,0.842,0.2007,
data,segment_34,13204102261061,True,33.1,0.001962104468091019,True,0.0329,0.0055,24.0,0.1819,1.874,0.000374,0.92,0.1734,
data,segment_34,13205108960526,True,34.4,0.000747763892077335,True,0.0317,0.0074,12.0,0.1228,1.661,0.00023,0.946,0.1318,
data,segment_34,13206111413278,True,35.9,0.00040682050166651607,True,0.0293,0.0071,12.0,0.1041,1.582,0.000195,0.953,0.1314,
data,segment_34,13207105870073,True,37.5,0.0002912239405701035,True,0.0266,0.0056,12.0,0.0737,1.627,0.000234,0.962,0.133,
data,segment_34,13208109963698,True,38.3,0.00024469739300711377,True,0.0141,0.003,12.0,0.061,1.63,0.000308,0.965,0.146,
data,segment_34,13209109401462,True,38.9,0.00026000052580448614,True,0.0097,0.002,0.0,0.0673,1.551,0.000316,0.966,0.146,
data,segment_34,13210108848401,True,39.6,0.0002325844657921688,True,0.0127,0.0028,0.0,0.0604,1.487,0.000308,0.968,0.1452,
data,segment_34,13211106293830,True,40.6,0.00019361180602572858,True,0.0054,0.001,0.0,0.059,1.483,0.000221,0.968,0.0783,
data,segment_34,13212109694861,True,41.6,0.0002049339030535013,True,0.0103,0.0022,12.0,0.0714,1.664,0.000135,0.964,0.07,
data,segment_34,13213102788434,True,42.0,0.00019461123478409695,True,0.0061,0.0014,12.0,0.093,1.934,0.00013,0.957,0.0546,
data,segment_34,13214106931735,True,42.1,0.00019637993856986384,True,0.0062,0.0018,0.0,0.1035,2.13,0.000115,0.938,0.0521,
data,segment_34,13215111477159,True,42.4,0.0002175558329327032,True,0.0062,0.001,0.0,0.1081,2.206,0.000135,0.928,0.056,
data,segment_34,13216109692795,True,43.1,0.0002252420672448352,True,0.0063,0.0012,0.0,0.1042,2.103,0.000175,0.926,0.0531,
data,segment_34,13217115088140,True,44.6,0.0002197211563444381,True,0.0145,0.0031,12.0,0.087,1.938,0.000228,0.927,0.0984,
data,segment_35,13223111185202,True,46.9,7.482506263216791e-05,True,0.0042,0.0009,0.0,0.0715,1.628,0.000125,0.956,0.0483,
data,segment_35,13224120453691,True,46.9,7.444057700922713e-05,True,0.0044,0.001,0.0,0.0684,1.514,9.6e-05,0.957,0.0405,
data,segment_35,13225114751196,True,46.7,7.640263662836098e-05,True,0.0018,0.0005,0.0,0.0674,1.652,7.1e-05,0.962,0.0308,
data,segment_35,13226119077804,True,46.4,0.00010185514098771546,True,0.0081,0.0013,0.0,0.0873,1.612,7.5e-05,0.962,0.0236,
data,segment_35,13227114155910,True,45.9,0.00010173375588186607,True,0.0075,0.0019,12.0,0.1111,2.189,7.9e-05,0.962,0.0293,
data,segment_35,13228118038231,True,45.5,0.00010985134725857158,True,0.0086,0.0019,48.0,0.1221,2.478,0.000111,0.961,0.0443,
data,segment_35,13229112709235,True,45.2,0.0001222174442056333,True,0.0072,0.0016,48.0,0.1371,2.531,0.000165,0.961,0.0791,
data,segment_35,13230117266225,True,44.3,0.00010431092514516459,True,0.0056,0.0015,48.0,0.1428,2.538,0.000267,0.957,0.1013,
data,segment_35,13231111674704,True,43.9,9.83367701306119e-05,True,0.0043,0.0008,60.0,0.1314,2.469,0.000317,0.95,0.1047,
data,segment_35,13232115815947,True,43.7,9.953863627742976e-05,True,0.0033,0.001,48.0,0.1016,2.098,0.000315,0.931,0.1011,
data,segment_35,13233120156510,True,43.6,6.540751349140683e-05,True,0.0037,0.0008,0.0,0.0871,1.97,0.000285,0.885,0.0991,
data,segment_35,13234112200281,True,43.6,6.292397301876917e-05,True,0.0123,0.0023,12.0,0.1014,2.153,0.000233,0.674,0.0913,
data,segment_35,13235118871786,True,43.7,6.292397301876917e-05,True,0.0105,0.0024,24.0,0.149,2.882,0.000195,0.538,0.0837,
data,segment_35,13236113746007,True,44.1,6.333899719831215e-05,True,0.0169,0.0033,12.0,0.1809,3.526,0.000195,0.538,0.0841,
data,segment_35,13237117898689,True,44.7,0.00015440779329339374,True,0.022,0.005,12.0,0.1928,3.483,0.000222,0.552,0.0747,
data,segment_35,13238112386015,True,45.3,0.00023005875627312445,True,0.0097,0.0016,12.0,0.1916,3.495,0.000242,0.913,0.0702,
data,segment_35,13239116673393,True,45.3,0.00021375261712819338,True,0.0232,0.0048,12.0,0.1868,3.358,0.000254,0.936,0.0504,
data,segment_35,13240111524517,True,45.3,0.00025316348182968795,True,0.0258,0.0061,12.0,0.1702,2.711,0.000236,0.946,0.0334,
data,segment_35,13241115529838,True,45.1,0.00034430144828555937,True,0.0148,0.0027,12.0,0.1357,1.949,0.000157,0.955,0.0214,
data,segment_35,13242119965459,True,45.1,0.0003445559819734059,True,0.0171,0.0037,0.0,0.1301,2.08,0.000126,0.957,0.0214,
data,segment_35,13243114617446,True,45.1,0.00033641315530985594,True,0.0171,0.0035,0.0,0.103,2.032,0.000146,0.96,0.0267,
data,segment_35,13244118747626,True,45.1,0.0003367583240845215,True,0.0145,0.0026,12.0,0.1247,1.987,0.000175,0.965,0.0922,
data,segment_35,13245113362389,True,45.1,0.0003279261779285251,True,0.0136,0.0033,0.0,0.1362,1.833,0.000272,0.965,0.1068,
data,segment_35,13246117768247,True,45.1,0.00022657645189731339,True,0.0074,0.0017,0.0,0.1427,1.874,0.000362,0.965,0.1141,
data,segment_35,13247112365108,True,45.1,0.00015858153525442483,True,0.0127,0.0027,12.0,0.1366,1.811,0.000366,0.967,0.1101,
data,segment_35,13248112040011,True,45.2,0.000149792684398295,True,0.0187,0.0033,12.0,0.126,1.722,0.000335,0.968,0.1061,
data,segment_35,13249111387749,True,45.6,0.00018511989634298,True,0.0227,0.0055,12.0,0.1259,1.666,0.000295,0.968,0.0869,
data,segment_35,13250115281576,True,45.6,0.0003058553835510273,True,0.0508,0.0099,0.0,0.1385,2.099,0.000257,0.969,0.089,
data,segment_35,13251119810847,True,45.6,0.0006538260624649481,True,0.0362,0.0083,0.0,0.1558,2.227,0.000255,0.968,0.0927,
data,segment_35,13252114321184,True,45.0,0.0024045598693192005,False,0.0409,0.0096,0.0,0.1291,2.173,0.000348,0.965,0.24,
data,segment_35,13253118530277,True,43.5,0.0025225427197643814,False,0.0419,0.008,0.0,0.1131,2.335,0.000566,0.959,0.3408,
data,segment_35,13254113122862,True,41.6,0.00267487084850908,False,0.0289,0.0081,12.0,0.107,2.34,0.000724,0.955,0.3811,
data,segment_35,13255117462586,True,40.4,0.003381422039113103,False,0.049,0.0104,12.0,0.1209,2.188,0.000879,0.954,0.4047,
data,segment_35,13256112040134,True,40.5,0.003377642532556695,False,0.0611,0.0123,24.0,0.1518,2.581,0.001147,0.954,0.4075,
data,segment_35,13257116332582,True,40.5,0.0033688589464873075,False,0.0106,0.0028,60.0,0.1703,3.092,0.001252,0.956,0.3924,
data,segment_35,13258111389130,True,42.0,0.0031074856257022236,False,0.0104,0.0018,48.0,0.1779,3.064,0.001158,0.957,0.2845,
data,segment_35,13259115693413,True,43.1,0.002855085485689932,False,0.0408,0.008,48.0,0.1808,3.243,0.00109,0.959,0.2066,
data,segment_35,13260111292240,True,43.8,0.0022344693820036746,False,0.0377,0.0085,84.0,0.1713,3.124,0.000762,0.958,0.1263,
data,segment_35,13261114108796,True,44.0,0.0009232237213389774,True,0.0592,0.0116,120.0,0.1921,3.779,0.000527,0.954,0.0852,
data,segment_35,13262118407163,True,44.0,0.0005422712070838956,True,0.0688,0.015,252.0,0.3591,6.939,0.000384,0.947,0.0731,
data,segment_35,13263112973768,True,44.0,0.000407401615727983,True,0.023,0.0041,396.0,0.3744,7.37,0.000358,0.934,0.0742,
data,segment_35,13264117425317,True,43.4,0.00025464250217634426,True,0.0259,0.0058,420.0,0.3764,7.33,0.000265,0.885,0.0726,
data,segment_35,13265112048755,True,42.5,0.00025111815137206087,True,0.0095,0.0021,384.0,0.3743,7.199,0.00015,0.869,0.0721,
data,segment_35,13266116183666,True,42.0,0.00013342458940281222,True,0.0165,0.0042,324.0,0.2461,5.451,0.000128,0.857,0.0816,
data,segment_35,13267120526490,True,41.5,8.43832317900756e-05,True,0.0098,0.0018,180.0,0.1461,2.943,0.000152,0.874,0.0909,
data,segment_35,13268114956728,True,40.6,7.042029350866333e-05,True,0.0056,0.0015,48.0,0.0853,1.587,0.000119,0.904,0.1058,
data,segment_35,13269119390603,True,40.2,0.00010804943303810433,True,0.0073,0.002,48.0,0.0745,1.737,0.000142,0.912,0.1188,
data,segment_35,13270113898246,True,39.8,0.00012760520944597164,True,0.0077,0.0015,72.0,0.0709,1.902,0.000253,0.911,0.1429,
data,segment_35,13271118557383,True,39.4,0.00012879725517422018,True,0.0088,0.0021,72.0,0.074,1.899,0.000267,0.902,0.1539,
data,segment_35,13272112782604,True,39.4,0.00016019481196579625,True,0.0047,0.0013,96.0,0.0757,1.972,0.00024,0.824,0.1566,
data,segment_35,13273117108072,True,39.4,0.00014151116192806512,True,0.0045,0.0009,72.0,0.0828,2.104,0.000258,0.571,0.1539,
data,segment_35,13274111864322,True,40.1,0.00013391713194876967,True,0.0067,0.0012,60.0,0.0942,2.075,0.0003,0.494,0.1581,
data,segment_35,13275116025228,True,40.9,0.00017098757962230593,True,0.0065,0.0016,36.0,0.094,1.964,0.000313,0.482,0.1475,
data,segment_35,13276120319259,True,41.2,0.00019011606377588292,True,0.0046,0.0009,36.0,0.097,2.003,0.000401,0.485,0.1341,
data,segment_35,13277114815437,True,41.2,0.00024595635864423397,True,0.0122,0.0023,48.0,0.1375,2.255,0.000494,0.534,0.1321,
data,segment_37,13353111652812,True,36.5,0.00022307695044912105,True,0.0655,0.0112,72.0,0.1227,2.62,0.000191,0.942,0.1225,
data,segment_37,13354115588628,True,37.1,0.00013291021810233307,True,0.013,0.0024,72.0,0.1375,2.643,0.000181,0.944,0.124,
data,segment_37,13355110875490,True,37.4,9.453053985346261e-05,True,0.0145,0.0033,48.0,0.1207,2.304,0.000147,0.944,0.1261,
data,segment_37,13356107372506,True,37.4,8.980713777197302e-05,True,0.0062,0.0015,24.0,0.1038,1.914,0.000154,0.931,0.1248,
data,segment_37,13357109951893,True,37.4,9.054530528374016e-05,True,0.0117,0.0026,12.0,0.0991,1.841,0.000174,0.911,0.1247,
data,segment_37,13358113288385,True,37.0,0.00010017335898078999,True,0.0118,0.0025,12.0,0.101,1.838,0.000136,0.889,0.127,
data,segment_37,13359108961552,True,36.7,0.00012497385930667455,True,0.0082,0.0015,12.0,0.0925,1.726,0.000124,0.868,0.1225,
data,segment_37,13360112354823,True,36.0,0.00033928402671923677,True,0.0303,0.0056,24.0,0.1007,1.774,0.000161,0.706,0.143,
data,segment_37,13361109349082,True,35.8,0.0003380457283064313,True,0.0231,0.0053,36.0,0.1033,1.965,0.000155,0.518,0.1451,
data,segment_37,13362107316582,True,35.8,0.00036806368258788147,True,0.0192,0.0057,84.0,0.1083,2.156,0.000186,0.396,0.1417,
data,segment_37,13363109941365,True,35.8,0.0002918039681389928,True,0.0183,0.0038,108.0,0.1167,2.297,0.000239,0.386,0.1325,
data,segment_37,13364110294178,True,36.0,0.00024095152912195772,True,0.0137,0.0029,132.0,0.0998,2.306,0.000259,0.395,0.1429,
data,segment_37,13365114284322,True,36.1,0.00016985744098419565,True,0.0106,0.002,120.0,0.0968,2.481,0.000186,0.481,0.1349,
data,segment_37,13366109165168,True,36.1,0.00016602272808086127,True,0.0133,0.0033,108.0,0.0936,2.346,0.00024,0.844,0.1338,
data,segment_37,13367112124540,True,36.1,0.0001748080612742342,True,0.0124,0.0027,72.0,0.0905,2.098,0.000275,0.904,0.1301,
data,segment_37,13368107815461,True,36.0,0.0002235789363312119,True,0.0258,0.0068,36.0,0.1034,2.283,0.000441,0.922,0.1361,
data,segment_37,13369112113582,True,35.7,0.0003562172802115309,True,0.0152,0.0028,48.0,0.1257,2.532,0.000688,0.93,0.1403,
data,segment_37,13370108254337,True,35.2,0.0007968887789396688,True,0.009,0.0023,72.0,0.1442,2.959,0.000876,0.932,0.1682,
data,segment_37,13371111063685,True,33.7,0.0008933117115880213,True,0.0118,0.0031,144.0,0.1746,3.285,0.001065,0.927,0.1743,
data,segment_37,13372108180030,True,31.2,0.001597592723555863,True,0.0128,0.0033,192.0,0.1843,3.264,0.001198,0.911,0.1743,
data,segment_37,13373109806424,True,25.2,0.002268793957972258,False,0.0138,0.0043,204.0,0.1703,3.035,0.00166,0.872,0.156,
data,segment_38,13409109035249,False,18.8,0.03594909905976668,False,0.1383,0.0227,48.0,0.4757,3.921,0.0,0.019,1.1636,
data,segment_38,13410113520552,False,19.8,0.03674552922346846,False,0.4188,0.0771,48.0,0.4212,3.962,0.0,0.019,1.285,
data,segment_38,13411107959514,False,20.8,0.038921274500305636,False,0.6254,0.1238,36.0,0.2956,3.018,0.0,0.019,1.2685,
data,segment_38,13412112265512,False,21.8,0.03887429655145156,False,0.5187,0.1124,24.0,0.2351,2.534,0.0,0.02,1.1124,
data,segment_38,13413107072279,False,22.9,0.038829757783063704,False,0.1287,0.0231,12.0,0.3706,2.643,0.0,0.028,0.9894,
data,segment_38,13420108105715,True,30.4,0.0008853148416898425,True,0.0447,0.0111,72.0,0.1507,2.154,0.000495,0.943,0.0741,
data,segment_38,13421112026463,True,30.9,0.0006654771286550519,True,0.043,0.0077,60.0,0.1069,2.501,0.000448,0.944,0.0894,
data,segment_38,13422111183588,True,31.2,0.0004257577787498385,True,0.0074,0.0012,60.0,0.1022,2.388,0.000346,0.944,0.1101,
data,segment_38,13423111094692,True,31.6,0.00047021370584072466,True,0.0043,0.0007,48.0,0.1062,2.495,0.000186,0.934,0.1115,
data,segment_38,13424110743625,True,32.1,0.00045089565431098927,True,0.0091,0.0021,36.0,0.1059,2.443,0.000173,0.829,0.1013,
data,segment_38,13425109947898,True,32.6,0.0004278200317475254,True,0.0202,0.0039,36.0,0.1051,2.449,0.000173,0.712,0.1118,
data,segment_38,13426110667364,True,33.2,0.0004278200317475254,True,0.0129,0.003,60.0,0.1087,2.201,0.000175,0.583,0.1189,
data,segment_38,13427109035279,True,33.9,0.0005599729431572695,True,0.0094,0.0023,72.0,0.1246,2.234,0.000234,0.565,0.133,
data,segment_38,13428113273441,True,34.8,0.0005375840287314042,True,0.0117,0.0028,96.0,0.1099,2.114,0.00027,0.571,0.1246,
data,segment_38,13429108023360,True,35.6,0.0003088639240835432,True,0.0315,0.0074,96.0,0.1037,2.114,0.000237,0.616,0.1246,
data,segment_38,13430111902643,True,36.4,0.00027848018343096676,True,0.0316,0.0054,108.0,0.0945,2.124,0.000295,0.924,0.1197,
data,segment_38,13431106821315,True,37.1,0.00036747875856235623,True,0.0117,0.0031,96.0,0.1295,2.287,0.000278,0.959,0.1213,
data,segment_38,13432110836798,True,37.1,0.00024340108450982638,True,0.0151,0.0034,96.0,0.1094,2.178,0.000224,0.959,0.1202,
data,segment_38,13433114993999,True,37.1,0.00023220348544108663,True,0.0062,0.0017,84.0,0.1074,2.146,0.00024,0.959,0.1234,
data,segment_38,13434109675924,True,36.8,0.0002726475660042487,True,0.0058,0.0017,72.0,0.1158,2.039,0.000248,0.926,0.1337,
data,segment_38,13435109088724,True,36.8,0.0002688659189964213,True,0.0052,0.001,84.0,0.1078,1.615,0.000241,0.746,0.1503,
data,segment_38,13436108730110,True,36.8,0.00023861881345510483,True,0.0104,0.0023,84.0,0.1195,1.611,0.000233,0.528,0.1654,
data,segment_38,13437106894072,True,37.3,0.0002874214901484107,True,0.0192,0.0037,84.0,0.1271,1.944,0.000243,0.466,0.1697,
data,segment_38,13438107566461,True,37.9,0.00029222830198705196,True,0.0171,0.0046,96.0,0.1348,2.027,0.000279,0.425,0.1653,
data,segment_38,13439106775747,True,38.3,0.00032750805257819593,True,0.0575,0.0094,96.0,0.1695,2.143,0.000348,0.431,0.1656,
data,segment_38,13440110304365,True,38.6,0.0005982286519442066,True,0.0845,0.0211,84.0,0.2376,2.33,0.00043,0.505,0.1967,
data,segment_38,13441110610327,True,39.2,0.0007845397340133786,True,0.103,0.0187,72.0,0.2195,2.527,0.000422,0.633,0.1885,
data,segment_38,13442115045422,True,39.7,0.0010892780651993532,True,0.149,0.0388,48.0,0.2318,2.21,0.000523,0.848,0.1627,
data,segment_38,13443109783533,True,39.7,0.0015095348935574293,True,0.089,0.0139,36.0,0.2905,2.142,0.000715,0.942,0.1627,
data,segment_38,13444113770064,True,39.7,0.0015095348935574293,True,0.0673,0.0166,24.0,0.2791,2.119,0.000626,0.942,0.0979,
data,segment_38,13445108619272,True,38.8,0.001277982211142777,True,0.0575,0.0111,12.0,0.1588,1.869,0.000503,0.942,0.0852,
data,segment_38,13446107576988,True,37.5,0.0011698141530576312,True,0.0304,0.0069,12.0,0.1216,1.648,0.00058,0.874,0.0859,
data,segment_38,13447107606898,True,37.1,0.0010338083684275283,True,0.0216,0.0043,96.0,0.1587,2.415,0.000559,0.809,0.1295,
data,segment_38,13448111579698,True,37.1,0.0005213613762473149,True,0.0177,0.0032,108.0,0.1512,2.404,0.000398,0.739,0.1398,
data,segment_38,13449109322277,True,36.9,0.0004380865602924795,True,0.027,0.0066,108.0,0.1307,2.303,0.000298,0.655,0.1468,
data,segment_38,13450108197150,True,36.6,0.00034965944360010326,True,0.0241,0.0049,132.0,0.1079,2.476,0.00033,0.623,0.1558,
data,segment_38,13451108307387,True,36.3,0.0004250145324769115,True,0.0206,0.0048,204.0,0.1121,2.639,0.000281,0.623,0.1589,
data,segment_38,13452109360656,True,35.7,0.0002847937328450495,True,0.0142,0.0038,132.0,0.1077,2.479,0.000265,0.635,0.1506,
data,segment_38,13453108793017,True,34.7,0.00020919773306169202,True,0.0173,0.005,120.0,0.1076,2.506,0.000245,0.726,0.1317,
data,segment_38,13454108603282,True,33.6,0.0002177689981793512,True,0.0121,0.0015,120.0,0.1207,2.948,0.000237,0.891,0.1215,
data,segment_38,13455106886383,True,32.7,0.00020802738673947273,True,0.0023,0.0007,120.0,0.1183,2.723,0.000257,0.92,0.1098,
data,segment_38,13456107105440,True,31.5,0.0001588182796344291,True,0.0098,0.002,96.0,0.1029,2.449,0.000272,0.922,0.0988,
data,segment_38,13457106945612,True,29.2,0.00022561414436025575,True,0.0098,0.0023,84.0,0.0945,2.373,0.000343,0.921,0.0939,
data,segment_39,13480103418079,False,19.8,0.03794897836979975,False,0.5558,0.1077,12.0,0.5945,2.193,0.0,0.02,1.0581,
data,segment_39,13481109781382,False,21.9,0.03795755004107821,False,0.4187,0.1089,12.0,0.5077,2.587,0.0,0.028,1.2562,
data,segment_39,13482102673867,False,24.3,0.03795326420543898,False,0.5922,0.1054,12.0,0.6671,2.885,0.0,0.064,1.2562,
data,segment_39,13483100102913,False,27.1,0.025204929130961395,False,0.3289,0.0709,24.0,0.7906,2.811,0.0,0.177,1.1404,
data,segment_39,13489106324328,True,42.1,0.0003988908138126135,True,0.0293,0.0082,156.0,0.161,2.914,0.000268,0.214,0.1049,
data,segment_39,13490107474009,True,43.1,0.00023132896008567333,True,0.0277,0.0047,168.0,0.1615,3.111,0.000217,0.222,0.1044,
data,segment_39,13491106830342,True,43.5,0.00021887458647549922,True,0.0117,0.0029,180.0,0.1755,3.09,0.000264,0.246,0.1209,
data,segment_39,13492106292924,True,43.6,0.0002635078132655938,True,0.0751,0.0137,180.0,0.202,3.058,0.000224,0.261,0.1466,
data,segment_39,13493107880982,True,43.9,0.0006946071968348033,True,0.0512,0.0138,144.0,0.2351,3.132,0.000224,0.272,0.1466,
data,segment_39,13494105647559,True,44.2,0.0008047669127728743,True,0.1057,0.0237,84.0,0.2319,2.924,0.000289,0.307,0.1581,
data,segment_39,13495099643380,True,44.4,0.0010594279893957864,True,0.13,0.0249,60.0,0.2208,2.536,0.000462,0.314,0.2188,
data,segment_39,13496106363969,True,44.5,0.001214749829976243,True,0.0314,0.0057,24.0,0.2364,2.361,0.000614,0.342,0.2772,
data,segment_39,13497098558738,True,44.5,0.001214749829976243,True,0.0285,0.0077,0.0,0.2641,2.189,0.000785,0.438,0.3357,
data,segment_39,13498106541360,True,44.6,0.0012281012022867799,True,0.0226,0.0064,0.0,0.1984,1.777,0.000817,0.84,0.3715,
data,segment_39,13499107218549,True,44.7,0.0026561201084405184,False,0.0559,0.0128,0.0,0.1312,1.8,0.000921,0.875,0.3901,
data,segment_39,13500102662343,True,44.7,0.00274472833450664,False,0.0654,0.0124,12.0,0.1098,2.056,0.001014,0.883,0.3921,
data,segment_39,13501107473981,True,44.8,0.0027930050610007716,False,0.0085,0.0026,12.0,0.0923,2.017,0.000977,0.896,0.3907,
data,segment_39,13502098792561,True,44.8,0.002717824426539258,False,0.0174,0.0041,12.0,0.1258,2.072,0.000932,0.905,0.3775,
data,segment_39,13503109089470,True,44.8,0.002600987051056358,False,0.0155,0.0028,12.0,0.1549,2.167,0.000933,0.916,0.3379,
data,segment_39,13504107586730,True,44.4,0.0023020440948303164,False,0.0247,0.0047,12.0,0.1765,1.982,0.000834,0.95,0.2512,
data,segment_39,13505106238102,True,43.5,0.0020805585760844073,False,0.0259,0.0067,0.0,0.203,1.669,0.000441,0.952,0.173,
data,segment_39,13506102508548,True,41.9,0.0011288546050495314,True,0.014,0.0022,24.0,0.2067,1.838,0.000306,0.952,0.1363,
data,segment_39,13507104995060,True,38.9,0.0006109456123648686,True,0.0106,0.0022,24.0,0.1788,1.877,0.000278,0.937,0.1147,
data,segment_39,13508107582613,True,34.1,0.00033498782431706786,True,0.0099,0.0025,24.0,0.133,1.786,0.000306,0.865,0.0996,
data,segment_39,13509106716010,True,28.2,0.00019129262287435937,True,0.0081,0.0015,36.0,0.1062,1.76,0.000437,0.538,0.0901,
data,segment_40,13548093998394,False,16.7,0.04401704716474829,False,0.2738,0.0468,36.0,0.3017,2.353,0.0,0.014,1.4035,
data,segment_40,13549108177387,False,18.1,0.04342837132008004,False,0.3983,0.0838,36.0,0.324,2.638,0.0,0.016,1.3506,
data,segment_40,13550103222802,False,19.8,0.040895934039434055,False,0.2326,0.0546,24.0,0.3016,2.563,0.0,0.018,1.1969,
data,segment_40,13551099590659,False,21.4,0.03770758289199844,False,0.2719,0.0496,24.0,0.426,2.624,0.0,0.029,0.8787,
data,segment_40,13552101760123,False,23.1,0.026741127082506852,False,0.1894,0.0428,12.0,0.5417,3.45,0.0,0.037,0.3786,
data,segment_40,13553096235785,False,24.6,0.008831155045231303,False,0.1436,0.0337,0.0,0.5522,3.756,0.0,0.129,0.0934,
data,segment_40,13554103534546,False,26.7,0.004525136121675882,False,0.163,0.0319,12.0,0.4056,3.729,0.0,0.336,0.0721,
data,segment_40,13560106490359,True,33.6,0.0006827154570578871,True,0.0355,0.0095,60.0,0.1402,1.816,0.000513,0.239,0.1543,
data,segment_40,13561105292775,True,32.5,0.000596346907373077,True,0.0299,0.0053,108.0,0.1599,2.123,0.000701,0.233,0.1543,
data,segment_40,13562095787042,True,24.6,0.0006571974524206075,True,0.007,0.0011,132.0,0.1676,2.265,0.000727,0.234,0.1016,
data,segment_40,13563098537925,True,18.8,0.000481140398620102,True,0.0119,0.0029,156.0,0.1459,2.141,0.000698,0.243,0.061,
data,segment_40,13564094815105,True,14.0,0.0005691337727200136,True,0.0108,0.0018,204.0,0.1311,1.981,0.000764,0.28,0.0405,
data,segment_40,13565100739024,True,12.8,0.0008652785748134802,True,0.003,0.0006,192.0,0.1244,1.929,0.000841,0.312,0.0361,
data,segment_40,13566094047549,True,12.8,0.0008866406080080046,True,0.0046,0.0008,156.0,0.0998,1.632,0.000756,0.319,0.0382,
data,segment_40,13567098055107,True,12.8,0.0009159675907867468,True,0.0071,0.0016,120.0,0.0716,1.28,0.000678,0.317,0.0361,
data,segment_40,13568111192344,True,13.9,0.0010363763336065461,True,0.0064,0.001,108.0,0.0826,1.335,0.000604,0.281,0.0417,
data,segment_40,13569097123933,True,15.2,0.0009009985162126197,True,0.0107,0.003,84.0,0.0999,1.43,0.00049,0.237,0.0536,
data,segment_40,13570106807954,True,16.6,0.0003461531230415419,True,0.0068,0.0013,60.0,0.1142,1.365,0.000345,0.217,0.0663,
data,segment_40,13571095460101,True,19.4,0.0002609307412058115,True,0.0065,0.0017,72.0,0.1029,1.399,0.000343,0.219,0.0807,
data,segment_40,13572108793958,True,22.3,0.00023791782863298897,True,0.0043,0.0005,84.0,0.0898,1.458,0.000361,0.277,0.0961,
data,segment_40,13573094828214,True,24.6,0.00024736855234986196,True,0.0083,0.002,96.0,0.1278,2.424,0.000409,0.336,0.1041,
data,segment_40,13574105591886,True,25.9,0.00027862319000550035,True,0.0092,0.0018,108.0,0.1425,2.734,0.000421,0.384,0.1076,
data,segment_40,13575106013599,True,27.3,0.00028962429732850073,True,0.0176,0.0045,144.0,0.158,2.777,0.000435,0.406,0.1029,
data,segment_40,13576103391969,True,28.6,0.0005045658185165273,True,0.012,0.0022,192.0,0.1591,2.884,0.000519,0.409,0.1048,
data,segment_40,13577107821417,True,29.8,0.0006191523352945042,True,0.0141,0.004,204.0,0.1442,2.813,0.000386,0.409,0.1005,
data,segment_41,13583103442137,True,29.9,0.0007670498658934816,True,0.013,0.0037,60.0,0.1338,2.024,0.000492,0.65,0.0755,
data,segment_41,13591103813626,False,16.5,0.006302443050490225,False,0.0383,0.0086,60.0,0.1941,1.99,0.0,0.058,0.3052,
data,segment_41,13592108081676,False,15.7,0.00492521808556051,False,0.0809,0.0156,60.0,0.1943,2.464,0.0,0.039,0.1991,
data,segment_41,13593106785043,False,15.0,0.00691928212936182,False,0.1078,0.0257,36.0,0.2554,2.605,0.0,0.025,0.1595,
data,segment_41,13594107584201,False,14.5,0.008264773052844043,False,0.0783,0.0163,36.0,0.3597,2.718,0.0,0.012,0.1454,
data,segment_41,13595111311922,False,14.4,0.020024165060693655,False,0.0379,0.0063,24.0,0.394,2.529,0.0,0.01,0.168,
data,segment_41,13596110569492,False,13.9,0.035587622708642894,False,0.052,0.0073,36.0,0.4356,2.679,0.0,0.01,0.3234,
data,segment_41,13597107551860,False,13.8,0.047685826667894976,False,0.1895,0.0368,48.0,0.4475,3.262,0.0,0.011,0.6658,
data,segment_41,13598104650735,False,13.8,0.057141511649502756,False,0.3473,0.0641,48.0,0.4722,3.7,0.0,0.012,0.8141,
data,segment_41,13599108816054,False,14.5,0.05934206863067159,False,0.5516,0.1111,60.0,0.518,4.552,0.0,0.018,0.8734,
data,segment_41,13600103523955,False,16.1,0.05936919568704359,False,0.2241,0.045,36.0,0.609,4.712,0.0,0.043,0.7637,
data,segment_41,13606109635441,True,28.7,0.0008179323936981939,True,0.0426,0.0074,96.0,0.1295,2.331,0.000463,0.389,0.0716,
data,segment_41,13607106352021,True,30.8,0.0004353267974465911,True,0.0092,0.0016,72.0,0.1225,2.219,0.000401,0.375,0.0728,
data,segment_41,13608105513283,True,32.2,0.00035819570351736156,True,0.0126,0.0029,96.0,0.1361,2.224,0.000361,0.374,0.0844,
data,segment_41,13609105269884,True,33.0,0.0002359588236868979,True,0.012,0.0026,120.0,0.1418,2.331,0.000361,0.359,0.083,
data,segment_41,13610105753903,True,34.5,0.00023564647395169018,True,0.012,0.0027,132.0,0.1396,2.246,0.00039,0.349,0.0981,
data,segment_41,13611111917504,True,35.7,0.0003708380489160206,True,0.0105,0.0021,156.0,0.1498,2.315,0.000365,0.34,0.1346,
data,segment_41,13612105297903,True,36.1,0.0005688390849030424,True,0.0115,0.0029,168.0,0.1518,3.2,0.000355,0.315,0.1525,
data,segment_41,13613111045956,True,36.7,0.0009085396977507781,True,0.0133,0.0039,168.0,0.15,3.292,0.000298,0.348,0.1663,
data,segment_41,13614106141333,True,37.2,0.000978951596383215,True,0.0477,0.0089,144.0,0.1685,3.459,0.0003,0.405,0.1787,
data,segment_41,13615108226335,True,37.3,0.0009651319123804569,True,0.0635,0.0141,180.0,0.1843,3.649,0.000352,0.665,0.1891,
data,segment_41,13616104471092,True,37.3,0.0012174522588424075,True,0.0316,0.008,168.0,0.1784,3.679,0.000471,0.829,0.1798,
data,segment_41,13617106078311,True,36.9,0.0012018351307219416,True,0.0338,0.0085,264.0,0.261,4.066,0.000565,0.838,0.1869,
data,segment_41,13618106834010,True,35.0,0.0008594825182000839,True,0.0437,0.0083,264.0,0.2579,3.965,0.0006,0.873,0.1658,
data,segment_41,13619107150723,True,33.7,0.0007261369003135862,True,0.0421,0.0107,252.0,0.241,3.818,0.000546,0.897,0.1433,
data,segment_41,13620106665445,True,33.6,0.0005575089016929269,True,0.0447,0.0117,216.0,0.2375,3.729,0.000601,0.904,0.1227,
data,segment_41,13621106296416,True,33.6,0.0004693101962078561,True,0.0458,0.0078,216.0,0.248,3.76,0.000453,0.923,0.1038,
data,segment_41,13622107246077,True,33.8,0.00041577484807930887,True,0.0296,0.0065,48.0,0.1598,2.869,0.000332,0.938,0.0974,
data,segment_41,13623105659662,True,34.4,0.00041902423254214227,True,0.0254,0.0059,12.0,0.1422,2.862,0.000303,0.961,0.1042,
data,segment_41,13624113049550,True,35.3,0.0004942696693485873,True,0.0133,0.0022,12.0,0.1448,2.749,0.000185,0.967,0.0997,
data,segment_41,13625104932353,True,36.2,0.0005222770553932082,True,0.0249,0.0051,36.0,0.1599,2.689,0.000176,0.971,0.0986,
data,segment_41,13626110744562,True,37.1,0.0004920047539360869,True,0.0228,0.005,24.0,0.158,2.596,0.000177,0.971,0.1084,
data,segment_41,13627111345767,True,38.0,0.0007112082249198903,True,0.0186,0.0035,24.0,0.1466,2.541,0.000171,0.972,0.1154,
data,segment_41,13628107398697,True,38.2,0.0008521258193380917,True,0.0185,0.004,36.0,0.1487,2.823,0.000156,0.971,0.1199,
data,segment_41,13629105947555,True,38.2,0.0008913740920461427,True,0.0073,0.0022,36.0,0.1495,2.8,0.000206,0.972,0.1257,
data,segment_41,13630105881874,True,38.2,0.0010092408371069255,True,0.0082,0.0016,84.0,0.1457,2.813,0.000174,0.97,0.1309,
data,segment_41,13631105251117,True,38.1,0.0010628385934978724,True,0.0088,0.0017,120.0,0.1381,2.755,0.000181,0.964,0.1246,
data,segment_41,13632105534176,True,37.7,0.0010596117767053927,True,0.0127,0.0028,132.0,0.1462,2.813,0.000264,0.947,0.1197,
data,segment_41,13633111576187,True,37.5,0.0010481587521325494,True,0.0035,0.001,168.0,0.2214,3.835,0.000265,0.929,0.1079,
data,segment_41,13634104431317,True,37.4,0.0010120609040707423,True,0.0079,0.0017,216.0,0.235,4.761,0.000261,0.914,0.1025,
data,segment_41,13635107923923,True,37.4,0.0009900770888015176,True,0.0064,0.0014,252.0,0.2589,5.432,0.000243,0.911,0.0986,
data,segment_41,13636104243950,True,37.4,0.0009391695493832231,True,0.0087,0.0016,228.0,0.258,5.514,0.000286,0.916,0.1026,
data,segment_41,13637107002325,True,37.7,0.0009367671267677129,True,0.0122,0.0029,252.0,0.2656,5.759,0.000286,0.93,0.103,
data,segment_42,13643093454465,True,37.9,0.0009327802108600736,True,0.0204,0.0038,168.0,0.1528,3.111,0.000234,0.959,0.1093,
data,segment_42,13644106252707,True,37.9,0.001258660670137877,True,0.0207,0.0045,156.0,0.1697,3.24,0.00021,0.958,0.1093,
data,segment_42,13645105390651,True,37.1,0.001276407010759957,True,0.0249,0.0051,168.0,0.1842,3.531,0.000221,0.952,0.1053,
data,segment_42,13646096866976,True,36.6,0.0012759560272847025,True,0.0065,0.0009,144.0,0.1837,3.641,0.000273,0.948,0.106,
data,segment_42,13647103899246,True,35.8,0.0011831047712609608,True,0.007,0.0011,108.0,0.1826,3.412,0.000306,0.946,0.1059,
data,segment_42,13648096085598,True,35.2,0.0011125653118509592,True,0.0085,0.0024,168.0,0.161,3.261,0.000334,0.947,0.1051,
data,segment_42,13649098059620,True,35.2,0.0009026677121691987,True,0.0112,0.0032,180.0,0.1591,3.74,0.000277,0.945,0.1184,
data,segment_42,13655096635688,True,33.9,0.0018105896995961358,True,0.0215,0.0037,216.0,0.3036,5.602,0.0003,0.869,0.0746,
data,segment_42,13656111185448,True,33.9,0.0018105896995961358,True,0.0379,0.0098,168.0,0.3051,5.534,0.000303,0.913,0.0816,
data,segment_42,13657095477143,True,33.9,0.0017725278977952883,True,0.0393,0.0071,156.0,0.3131,5.427,0.000363,0.918,0.0826,
data,segment_42,13658099970658,True,33.6,0.0014695640486855396,True,0.0088,0.0022,72.0,0.1765,3.913,0.000403,0.921,0.0893,
data,segment_42,13659094046850,True,32.6,0.000752300673848509,True,0.0147,0.0027,36.0,0.166,3.731,0.000356,0.923,0.0941,
data,segment_42,13660104533948,True,31.5,0.0004037143080495298,True,0.0245,0.0067,48.0,0.1826,3.848,0.000384,0.91,0.0951,
data,segment_42,13661109214443,True,29.9,0.00027249255424207345,True,0.0161,0.0027,96.0,0.1937,4.013,0.000433,0.903,0.0948,
data,segment_42,13662100331720,True,28.6,0.0002867142902687192,True,0.0075,0.0018,144.0,0.1984,3.914,0.000371,0.901,0.096,
data,segment_42,13663111244015,True,27.7,0.00034298835089430213,True,0.0027,0.0005,120.0,0.1812,3.324,0.000341,0.889,0.1008,
data,segment_42,13664094864303,True,26.5,0.0003361995217704652,True,0.005,0.0011,120.0,0.1794,3.303,0.000377,0.855,0.0957,
data,segment_42,13665100530129,True,24.9,0.00042505298933434186,True,0.051,0.0077,156.0,0.206,3.242,0.00057,0.691,0.1143,
data,segment_42,13666095399117,True,22.2,0.0006329073600553941,True,0.056,0.0146,132.0,0.1938,2.887,0.000751,0.64,0.1628,
data,segment_42,13667100600284,True,20.9,0.006710275193471508,False,0.0275,0.0067,120.0,0.1942,2.678,0.001735,0.578,0.1887,
data,segment_42,13668093998045,True,18.9,0.00729000149294734,False,0.023,0.0063,168.0,0.1701,2.255,0.002569,0.497,0.2101,
data,segment_43,13743105040681,True,16.4,0.002403612209403501,False,0.008,0.0018,228.0,0.3492,4.462,0.000979,0.289,0.1362,
data,segment_43,13744108663490,True,16.9,0.0020008243003860515,False,0.0069,0.0014,216.0,0.381,4.749,0.001095,0.27,0.1457,
data,segment_43,13745103794351,True,17.6,0.0013664653058841096,True,0.0103,0.0029,216.0,0.405,4.988,0.001068,0.262,0.1605,
data,segment_43,13756101809882,False,11.9,0.024509729925160553,False,0.0265,0.0053,60.0,0.3784,4.041,0.0,0.084,1.3605,
data,segment_43,13757105960355,False,12.0,0.025192251814209653,False,0.0168,0.0039,84.0,0.3789,3.869,0.0,0.079,1.383,
data,segment_44,13767080890603,True,29.9,0.004536591818760618,False,0.1112,0.0188,264.0,0.2906,3.49,0.001692,0.277,0.4248,
data,segment_44,13768075174581,True,34.0,0.00463281597436028,False,0.0927,0.0191,288.0,0.3276,3.419,0.001744,0.317,0.4853,
data,segment_44,13769079600853,True,37.4,0.005016217501119191,False,0.0683,0.0168,252.0,0.3622,3.405,0.001662,0.319,0.4723,
data,segment_44,13770083931923,True,39.6,0.006959284858078784,False,0.1574,0.0369,204.0,0.3366,3.097,0.001497,0.36,0.3991,
data,segment_44,13771078443868,True,40.6,0.006956863783881578,False,0.1884,0.0413,168.0,0.3707,3.092,0.001273,0.304,0.3369,
data,segment_44,13772082707238,True,40.8,0.006694554483066774,False,0.0882,0.0171,192.0,0.4402,3.108,0.000732,0.304,0.2259,
data,segment_44,13773077753538,True,40.8,0.0015908032640489216,True,0.1191,0.0261,156.0,0.3819,3.186,0.00048,0.396,0.1227,
data,segment_44,13774081838431,True,41.0,0.0011127663249342523,True,0.1248,0.0242,120.0,0.3024,2.721,0.00041,0.604,0.1243,
data,segment_44,13775076572926,True,41.3,0.0011123691421932615,True,0.1305,0.0289,132.0,0.3648,2.921,0.000384,0.613,0.1243,
data,segment_44,13783081702311,True,41.2,0.001002272421469785,True,0.0577,0.012,36.0,0.2495,3.197,0.000498,0.904,0.0972,
data,segment_44,13784077777287,True,41.7,0.0008606033731456747,True,0.0449,0.0105,36.0,0.1656,2.508,0.000367,0.943,0.0837,
data,segment_44,13785080177649,True,42.4,0.0007160419799752073,True,0.0347,0.0073,36.0,0.1798,2.462,0.000163,0.946,0.0658,
data,segment_44,13786074632392,True,42.8,0.0003488740093903781,True,0.0377,0.0091,36.0,0.1343,2.374,0.000161,0.941,0.0657,
data,segment_44,13787079124069,True,43.0,0.00033217078345508814,True,0.0429,0.0092,12.0,0.1008,2.109,0.000159,0.952,0.0655,
data,segment_44,13788083330553,True,43.4,0.00031249073799699545,True,0.0193,0.0041,24.0,0.1068,2.076,0.000178,0.955,0.0692,
data,segment_44,13789078235282,True,43.6,0.000299086736035267,True,0.0255,0.0058,12.0,0.1108,2.113,0.000171,0.964,0.0655,
data,segment_44,13790082264695,True,44.0,0.0002567175146834357,True,0.0292,0.0054,12.0,0.0912,2.12,0.000174,0.971,0.0574,
data,segment_44,13791085618829,True,44.4,8.978057585576884e-05,True,0.0051,0.0013,12.0,0.0967,2.175,0.000128,0.972,0.0318,
data,segment_44,13792080958389,True,44.5,8.017548723526754e-05,True,0.0077,0.0016,48.0,0.1028,2.76,0.000115,0.974,0.0267,
data,segment_44,13793077819390,True,44.7,7.761265403877991e-05,True,0.0066,0.0009,48.0,0.1162,3.115,9.6e-05,0.973,0.0263,
data,segment_44,13794079931975,True,44.7,8.536556746021142e-05,True,0.0064,0.0015,120.0,0.1296,3.612,0.000113,0.972,0.041,
data,segment_44,13795084095093,True,44.7,0.00013417973835595868,True,0.007,0.0017,120.0,0.1622,3.987,0.000109,0.97,0.0533,
data,segment_44,13796078599441,True,44.6,0.00015525301384379525,True,0.006,0.0014,120.0,0.1515,3.683,0.000137,0.971,0.0774,
data,segment_44,13797083011406,True,44.4,0.00019055252011561768,True,0.0063,0.0014,72.0,0.1685,3.303,0.000244,0.97,0.0916,
data,segment_44,13798087342127,True,44.3,0.00024543241077597163,True,0.0455,0.0082,60.0,0.1553,2.894,0.000406,0.967,0.1195,
data,segment_44,13799082639934,True,43.9,0.00031032945287411145,True,0.0432,0.0101,24.0,0.1644,2.631,0.000707,0.962,0.1734,
data,segment_44,13800085828108,True,43.1,0.001492484207674429,True,0.0427,0.0096,24.0,0.1408,2.294,0.000866,0.958,0.1899,
data,segment_44,13801081166648,True,42.2,0.001745350154141805,True,0.05,0.0099,132.0,0.201,4.416,0.000941,0.944,0.207,
data,segment_44,13802075538150,True,41.2,0.001767749418676477,True,0.0139,0.0025,288.0,0.2329,5.638,0.000882,0.946,0.2254,
data,segment_44,13803079486192,True,40.4,0.0017543805379516724,True,0.0185,0.0056,276.0,0.2397,5.682,0.000853,0.944,0.2335,
data,segment_44,13804083713338,True,40.1,0.0017679795855656266,True,0.041,0.0081,264.0,0.2788,5.516,0.00103,0.945,0.2487,
data,segment_44,13805078365043,True,40.1,0.0019378364126581545,True,0.051,0.0111,276.0,0.2744,5.621,0.001194,0.94,0.2475,
data,segment_44,13806082690470,True,40.1,0.0021974997611018485,False,0.0144,0.0037,240.0,0.2162,4.279,0.001202,0.943,0.2396,
data,segment_44,13807077401969,True,40.4,0.0023217445235963635,False,0.0428,0.008,108.0,0.2597,3.369,0.0012,0.938,0.2131,
data,segment_44,13808082144257,True,40.5,0.0023247599367184424,False,0.0559,0.0143,120.0,0.292,3.693,0.000837,0.938,0.1901,
data,segment_44,13809077847693,True,40.4,0.002147507319108578,False,0.0371,0.008,132.0,0.2465,3.617,0.000751,0.934,0.1871,
data,segment_44,13810081017089,True,40.4,0.001704279181022524,True,0.0552,0.0143,144.0,0.2344,3.476,0.000737,0.93,0.1855,
data,segment_44,13811076046551,True,40.4,0.0016945929637971172,True,0.0475,0.0083,96.0,0.2063,3.117,0.000822,0.918,0.2051,
data,segment_44,13812079296011,True,40.8,0.0017199326227791583,True,0.0095,0.0023,120.0,0.1514,2.66,0.000961,0.921,0.2312,
data,segment_44,13813083493454,True,41.3,0.0022710393531016316,False,0.0304,0.0066,108.0,0.1274,2.395,0.001061,0.922,0.2698,
data,segment_44,13814077878833,True,41.6,0.002271148026688259,False,0.0328,0.0069,84.0,0.099,2.029,0.001116,0.929,0.291,
data,segment_44,13815082755628,True,42.2,0.002270930679515004,False,0.0114,0.0016,60.0,0.0614,1.805,0.001101,0.936,0.2915,
data,segment_44,13816077578222,True,42.9,0.0020135908926496686,False,0.003,0.0007,48.0,0.0699,2.162,0.001068,0.937,0.2829,
data,segment_44,13817081438545,True,43.3,0.0019078593468293548,True,0.0137,0.0022,36.0,0.0845,2.154,0.001083,0.933,0.2777,
data,segment_45,13823106289313,True,42.5,0.00032968376598268477,True,0.0521,0.0103,96.0,0.13,2.359,0.000304,0.941,0.1065,
data,segment_45,13824111199311,True,42.2,0.00026357080787420273,True,0.0316,0.0073,96.0,0.116,2.161,0.000364,0.947,0.1318,
data,segment_45,13825115826560,True,40.8,0.00023498891439588238,True,0.0303,0.0056,36.0,0.0993,1.837,0.000404,0.938,0.1522,
data,segment_45,13826110175659,True,38.0,0.00022779882411845298,True,0.0123,0.0036,24.0,0.1172,2.206,0.000369,0.936,0.1522,
data,segment_45,13827114363702,True,36.4,0.00020774917167698585,True,0.0134,0.0023,204.0,0.1397,3.086,0.000313,0.917,0.1382,
data,segment_45,13828109359226,True,35.3,0.00019216864893678576,True,0.0056,0.0017,324.0,0.1571,3.734,0.000287,0.876,0.1197,
data,segment_45,13829113325191,True,33.7,0.0001389805097488637,True,0.0095,0.0025,432.0,0.1632,3.672,0.000281,0.826,0.1054,
data,segment_45,13830107961454,True,31.8,0.00016889429191883654,True,0.0125,0.0022,468.0,0.178,3.874,0.000315,0.808,0.0909,
data,segment_45,13831112062772,True,30.0,0.00016022664151181613,True,0.0029,0.0007,456.0,0.1502,3.828,0.000419,0.814,0.0824,
data,segment_45,13832116534175,True,27.2,0.00020548462117539603,True,0.0088,0.0015,288.0,0.1668,3.558,0.000499,0.808,0.0658,
data,segment_45,13833110996169,True,22.8,0.0003242467685086891,True,0.0105,0.003,192.0,0.1605,2.988,0.000624,0.778,0.0463,
data,segment_45,13834115570583,True,18.4,0.00048481887493117214,True,0.0055,0.0012,108.0,0.1483,2.875,0.000721,0.723,0.0317,
data,segment_46,13900076955778,True,21.8,0.0017844005913076428,True,0.0116,0.0022,144.0,0.2498,2.465,0.001361,0.204,0.2034,
data,segment_46,13901081437588,True,23.1,0.0016705715862360764,True,0.0352,0.0077,156.0,0.2172,2.178,0.001178,0.302,0.2408,
data,segment_46,13902076113107,True,24.1,0.0013239894383948105,True,0.0366,0.0077,156.0,0.1638,1.75,0.00137,0.356,0.2452,
data,segment_46,13903087752776,True,25.5,0.0012159645941339603,True,0.0105,0.0018,168.0,0.1773,1.725,0.001383,0.567,0.2401,
data,segment_46,13904083812500,True,26.6,0.001130307550672868,True,0.0163,0.0036,168.0,0.1459,1.711,0.001295,0.758,0.2166,
data,segment_46,13905079152149,True,27.6,0.0008317778475660924,True,0.0107,0.0021,84.0,0.0907,1.551,0.001073,0.761,0.1901,
data,segment_46,13906082222864,True,28.2,0.0006745095629344608,True,0.0104,0.0031,72.0,0.0872,1.601,0.000789,0.761,0.1566,
data,segment_46,13907077849215,True,28.4,0.0004273977102283332,True,0.0092,0.0018,60.0,0.104,2.079,0.000347,0.707,0.1348,
data,segment_46,13908072685702,True,28.5,0.0003345718622737655,True,0.0045,0.0013,72.0,0.1363,2.834,0.000267,0.661,0.1089,
data,segment_46,13909076679652,True,29.0,0.00020946296826239902,True,0.0123,0.0027,72.0,0.142,3.089,0.000267,0.632,0.0925,
data,segment_46,13910081171443,True,29.6,0.0002695351140573621,True,0.0091,0.0025,84.0,0.1724,3.604,0.000375,0.638,0.0746,
data,segment_46,13911084358028,True,30.2,0.0003254348441360104,True,0.0079,0.0021,132.0,0.2087,4.153,0.000511,0.667,0.0572,
data,segment_46,13912079957286,True,30.8,0.0004999807451224521,True,0.0073,0.0022,144.0,0.216,4.313,0.00063,0.724,0.0532,
data,segment_46,13913074965942,True,30.8,0.00038851305682207867,True,0.0161,0.0032,192.0,0.2132,4.115,0.000618,0.739,0.0538,
data,segment_46,13914078767389,True,30.8,0.0004057039480109199,True,0.0165,0.0051,192.0,0.202,3.918,0.00057,0.733,0.0549,
data,segment_46,13915073110966,True,30.4,0.0003201171400413767,True,0.0178,0.0039,180.0,0.186,3.673,0.000656,0.608,0.0736,
data,segment_46,13916077401085,True,28.2,0.0004794198299121574,True,0.1654,0.0257,108.0,0.4042,3.286,0.000717,0.336,0.0873,
data,segment_46,13917072694825,True,25.3,0.0005074749896582219,True,0.2528,0.0639,120.0,0.5235,3.108,0.000881,0.143,0.1023,
data,segment_46,13918076297157,True,24.4,0.009032084726446848,False,0.2014,0.0432,48.0,0.5023,2.587,0.000979,0.091,0.2562,
data,segment_46,13919089648749,True,23.7,0.008966717443087226,False,0.2913,0.0733,60.0,0.4661,2.331,0.001335,0.091,0.2639,
data,segment_46,13920075100934,True,22.9,0.008929201606696786,False,0.1327,0.0206,60.0,0.4317,2.193,0.001033,0.109,0.2639,
data,segment_46,13921079475205,True,20.8,0.008002544798240634,False,0.0802,0.0151,36.0,0.3763,1.612,0.00064,0.171,0.1969,
data,segment_46,13922074709093,True,20.5,0.006831966276240454,False,0.0259,0.006,48.0,0.2115,1.328,0.000744,0.192,0.1338,
data,segment_46,13923078391619,True,20.2,0.0031211255077613948,False,0.0247,0.0036,60.0,0.1241,1.314,0.00105,0.219,0.0991,
data,segment_46,13924072768092,True,20.4,0.002369603613071744,False,0.0662,0.0146,36.0,0.1208,1.339,0.000796,0.23,0.0654,
data,segment_46,13925077223445,True,20.4,0.001844743583877456,True,0.0574,0.0114,48.0,0.1351,1.16,0.000912,0.242,0.0526,
data,segment_46,13926081644006,True,20.3,0.0014097747517177826,True,0.038,0.0092,60.0,0.1345,1.227,0.001101,0.259,0.077,
data,segment_46,13927076447746,True,20.8,0.0011240165468413205,True,0.0331,0.0057,48.0,0.1089,1.267,0.001006,0.278,0.0555,
data,segment_46,13928081151728,True,20.8,0.0008794503683741148,True,0.0201,0.003,48.0,0.1021,1.242,0.000967,0.29,0.0557,
data,segment_46,13929075448142,True,21.2,0.0009507567228007507,True,0.0294,0.0075,48.0,0.1039,1.31,0.000935,0.321,0.058,
data,segment_46,13930079380225,True,21.3,0.000692433540866407,True,0.0182,0.0042,60.0,0.1031,1.373,0.000929,0.321,0.067,
data,segment_46,13931073629814,True,21.3,0.0006533429004724946,True,0.02,0.0058,60.0,0.1323,1.324,0.001029,0.309,0.0654,
data,segment_48,14011101934613,False,16.0,0.006473230072409152,False,0.0776,0.0129,24.0,0.0816,1.186,0.0,0.19,0.1016,
data,segment_48,14012099287138,False,17.2,0.0050397793556063745,False,0.0183,0.0034,36.0,0.0752,1.209,0.0,0.19,0.0795,
data,segment_48,14013103930122,False,18.2,0.0029272388768015723,False,0.0314,0.0087,36.0,0.087,1.283,0.0,0.173,0.0805,
data,segment_48,14014099038785,False,19.6,0.0017175293787960767,True,0.0191,0.0038,24.0,0.1038,1.167,0.0,0.157,0.14,
data,segment_48,14015102413384,False,20.6,0.0015328796580433846,True,0.0285,0.0073,36.0,0.1075,1.169,0.0,0.154,0.2552,
data,segment_48,14016106839498,False,21.8,0.0014884890911087503,True,0.02,0.0035,36.0,0.1007,1.253,0.0,0.154,0.4344,
data,segment_48,14017101566036,False,22.6,0.00151209602902603,True,0.0228,0.0067,24.0,0.0924,1.368,0.0,0.157,0.462,
data,segment_48,14018105512739,False,22.7,0.0013772653603628259,True,0.0222,0.0036,48.0,0.0824,1.313,0.0,0.158,0.462,
data,segment_48,14019099835281,False,22.7,0.0013838214225081243,True,0.0067,0.0014,60.0,0.094,1.322,0.0,0.157,0.4269,
data,segment_48,14020104289719,False,22.7,0.001205984756036595,True,0.0116,0.0023,48.0,0.1022,1.393,0.0,0.159,0.2835,
data,segment_48,14021100247030,False,21.9,0.0011995072825984312,True,0.0123,0.0032,36.0,0.0845,1.245,0.0,0.174,0.1594,
data,segment_48,14022103175698,False,20.9,0.001117105595767498,True,0.0086,0.0013,24.0,0.0775,1.201,0.0,0.238,0.1484,
data,segment_48,14023107561957,False,19.5,0.000977894985578159,True,0.0049,0.0011,12.0,0.0778,1.203,0.0,0.316,0.1484,
data,segment_49,14084105520553,True,17.0,0.0012121281930768796,True,0.0059,0.0011,192.0,0.1165,2.947,0.000591,0.153,0.0602,
data,segment_49,14085109743123,True,16.9,0.0012671321330558574,True,0.0082,0.002,120.0,0.1138,2.342,0.000565,0.11,0.0343,
data,segment_49,14086105079780,True,15.2,0.0013984503545746044,True,0.004,0.0008,132.0,0.1114,1.369,0.000551,0.012,0.0324,
data,segment_49,14099101677207,False,11.9,0.00046210449463849614,True,0.0501,0.0094,12.0,0.1391,1.662,0.0,0.695,0.027,
data,segment_49,14113103235000,False,11.6,0.0014577762922272086,True,0.0147,0.0032,36.0,0.1075,1.371,0.0,0.526,0.118,
data,segment_49,14114107201496,False,11.8,0.00126073753926903,True,0.0045,0.0012,36.0,0.1059,1.356,0.0,0.504,0.1266,
data,segment_49,14115101836683,False,12.5,0.0009990530460075378,True,0.0076,0.0015,48.0,0.0986,1.371,0.0,0.395,0.1284,
data,segment_49,14116106047278,False,12.9,0.0008200481429299504,True,0.0073,0.0015,24.0,0.0737,1.245,0.0,0.329,0.1255,
data,segment_49,14117110515257,False,13.2,0.001111673854957367,True,0.0064,0.002,60.0,0.0799,1.253,0.0,0.328,0.1295,
data,segment_50,14123097180238,False,15.1,0.0009666218562209832,True,0.0132,0.0035,48.0,0.3583,4.769,0.0,0.639,0.1991,
data,segment_50,14124101292181,False,15.1,0.0006494862381942292,True,0.0104,0.0028,48.0,0.3126,3.8,0.0,0.592,0.2135,
data,segment_50,14125097312031,False,15.2,0.0007604510999408183,True,0.0182,0.0044,36.0,0.1163,1.639,0.0,0.578,0.2272,
data,segment_50,14126100230951,False,15.2,0.0005809366695934838,True,0.0123,0.0023,36.0,0.1052,1.431,0.0,0.622,0.2402,
data,segment_50,14127104440854,False,15.1,0.0005809366695934838,True,0.0125,0.003,48.0,0.0876,1.419,0.0,0.649,0.2572,
data,segment_50,14128098931601,False,15.0,0.0006063434223010409,True,0.0097,0.0021,48.0,0.1001,1.538,0.0,0.834,0.2639,
data,segment_50,14129103482736,False,14.9,0.0007606850664220923,True,0.0126,0.0024,48.0,0.1082,1.499,0.0,0.876,0.2914,
data,segment_50,14130097672556,False,14.8,0.0007534163887612522,True,0.0098,0.0016,72.0,0.1505,2.075,0.0,0.876,0.2965,
data,segment_50,14131098608119,False,14.3,0.0008826554480957787,True,0.0224,0.0049,60.0,0.1709,2.526,0.0,0.865,0.2977,
