route,segment,t,long_active,v_med_kmh,a_med,a_min,jerk_std,track_err_a,plan_src
data,segment_0,11132217874023,False,9.1,-0.1634,-0.6317,0.5804,0.2763,e2e
data,segment_0,11133218660794,False,8.6,-0.1634,-0.6317,0.4955,0.2127,e2e
data,segment_0,11134211836500,False,8.4,0.0586,-0.2733,0.253,0.1565,e2e
data,segment_0,11135213679220,False,8.5,0.0721,-0.2781,0.3482,0.2062,e2e
data,segment_0,11151217889691,False,9.3,0.3306,-0.2271,0.406,0.2967,e2e
data,segment_0,11152218237459,False,9.9,0.2381,-0.2271,0.4325,0.3127,e2e
data,segment_0,11153214359003,False,10.6,0.288,-0.2271,0.4071,0.1572,e2e
data,segment_0,11154217320745,False,11.9,0.2851,-0.0671,0.2609,0.1267,e2e
data,segment_0,11155216757022,False,12.8,0.1247,-0.126,0.2568,0.1241,e2e
data,segment_0,11156215509516,False,12.8,0.008,-0.2032,0.2495,0.1351,e2e
data,segment_0,11157215594517,False,12.8,-0.086,-0.217,0.2069,0.1234,e2e
data,segment_0,11158217924600,False,12.4,-0.1681,-0.235,0.1497,0.1439,e2e
data,segment_0,11159219252003,False,11.8,-0.1933,-0.235,0.1222,0.2025,e2e
data,segment_0,11160213215679,False,11.1,-0.166,-0.235,0.1511,0.2069,e2e
data,segment_0,11161213785757,False,10.7,-0.058,-0.2195,0.1357,0.2365,e2e
data,segment_0,11162212990667,False,10.5,-0.0454,-0.1233,0.126,0.4602,e2e
data,segment_0,11163214589925,False,10.5,-0.0383,-0.0729,0.1538,0.4696,e2e
data,segment_0,11164214002427,False,10.5,0.1632,-0.0729,0.1552,0.3532,e2e
data,segment_0,11165215118777,False,11.4,0.2412,-0.0361,0.224,0.3171,e2e
data,segment_0,11166215148702,False,12.4,0.2873,0.1028,0.2367,0.3218,e2e
data,segment_0,11167216504883,False,13.0,0.2502,0.0465,0.3828,0.2213,e2e
data,segment_0,11168216596778,False,14.5,0.1961,-0.1507,0.4611,0.2255,e2e
data,segment_0,11169217071523,False,14.8,0.3135,-0.1507,0.6373,0.3032,e2e
data,segment_0,11170219049239,False,15.5,0.1856,-0.1507,0.7334,0.4238,e2e
data,segment_0,11171211449130,False,17.8,0.337,-0.1293,0.8981,0.4071,cruise
data,segment_0,11172213126329,False,18.0,0.4343,-0.1293,1.0428,0.5531,cruise
data,segment_0,11176215467420,True,20.8,0.1671,-0.6074,0.467,0.1183,cruise
data,segment_0,11177211104171,True,21.2,0.1622,0.0524,0.0929,0.085,cruise
data,segment_0,11178212506205,True,21.8,0.1115,0.0407,0.0774,0.0496,cruise
data,segment_0,11179215569484,True,22.1,0.079,0.0091,0.0506,0.0372,cruise
data,segment_1,11183172488293,True,22.3,-0.043,-0.1279,0.0778,0.0138,cruise
data,segment_1,11184182039582,True,22.1,-0.0801,-0.2437,0.1155,0.0246,e2e
data,segment_1,11185181116774,True,21.8,-0.1218,-0.5643,0.189,0.0388,e2e
data,segment_1,11186182799609,True,21.0,-0.2898,-0.7077,0.1891,0.0614,e2e
data,segment_1,11187177709272,True,19.0,-0.6818,-0.9592,0.1685,0.0454,e2e
data,segment_1,11188178452287,True,16.4,-0.8189,-1.0567,0.2045,0.053,e2e
data,segment_1,11189179935016,True,13.0,-0.8483,-1.0567,0.2443,0.0664,e2e
data,segment_1,11200182625182,True,8.0,0.1462,-0.5523,0.3104,0.0416,e2e
data,segment_1,11201184356933,True,8.9,0.2904,0.066,0.1263,0.049,e2e
data,segment_1,11202172953890,True,10.1,0.292,0.2348,0.0656,0.0633,e2e
data,segment_1,11203175237389,True,11.1,0.2969,0.2348,0.1038,0.0559,e2e
data,segment_1,11204175833229,True,12.1,0.3527,0.2348,0.1118,0.0373,e2e
data,segment_1,11205176245532,True,13.6,0.3702,0.258,0.1156,0.021,e2e
data,segment_1,11206176724600,True,15.0,0.3567,-0.4895,0.6949,0.031,e2e
data,segment_1,11207180322317,True,15.4,0.2874,-2.5624,1.7486,0.0355,e2e
data,segment_1,11208174738135,True,13.7,-0.3223,-2.5624,2.0589,0.1228,e2e
data,segment_1,11209177399002,True,8.8,-0.2497,-2.5624,1.8974,0.1128,e2e
data,segment_1,11210183089924,True,8.8,0.1166,-1.2403,0.7445,0.0332,e2e
data,segment_1,11211184019798,True,9.8,0.4207,0.0404,0.1612,0.0273,e2e
data,segment_1,11212183138842,True,11.5,0.4346,0.3021,0.1582,0.0274,e2e
data,segment_1,11213175258002,True,13.2,0.4031,0.1364,0.0827,0.0312,e2e
data,segment_1,11214176594521,True,14.2,0.1893,-0.0272,0.0532,0.0448,e2e
data,segment_1,11215177490324,True,14.5,0.0202,-0.3112,0.0918,0.0776,e2e
data,segment_1,11216176981740,True,14.5,-0.1183,-0.5581,0.0877,0.0742,e2e
data,segment_1,11217179267493,True,13.4,-0.4544,-0.8152,0.0637,0.0517,e2e
data,segment_1,11228173053887,True,11.6,0.4592,0.2824,0.3358,0.205,e2e
data,segment_1,11229175744334,True,13.1,0.4463,-0.7031,1.0357,0.305,e2e
data,segment_1,11230177835007,True,14.1,0.3169,-2.6073,1.5766,0.4154,lead0
data,segment_1,11235182992353,True,12.4,0.9148,0.5719,0.2273,0.07,e2e
data,segment_1,11236184138874,True,15.9,0.8759,0.4784,0.1753,0.0677,e2e
data,segment_1,11237173873308,True,18.5,0.6138,0.3084,0.0565,0.0677,e2e
data,segment_1,11238179530774,True,20.3,0.3916,0.1468,0.0531,0.0692,cruise
data,segment_1,11239179521230,True,21.4,0.2323,0.0161,0.0737,0.064,cruise
data,segment_2,11243167145403,True,21.9,-0.0444,-0.1004,0.0363,0.0316,cruise
data,segment_2,11244168874124,True,21.7,-0.038,-0.0633,0.0623,0.0311,cruise
data,segment_2,11245171028715,True,21.7,-0.012,-0.0582,0.066,0.0292,cruise
data,segment_2,11246173118305,True,21.7,-0.0086,-0.0334,0.064,0.0176,cruise
data,segment_2,11247175689596,True,21.7,-0.0175,-0.0725,0.0689,0.0159,e2e
data,segment_2,11248167169417,True,21.5,-0.0321,-0.0968,0.0797,0.0109,e2e
data,segment_2,11249168739172,True,21.4,-0.0551,-0.1474,0.1169,0.0154,e2e
data,segment_2,11250171192178,True,21.2,-0.0774,-0.5342,0.1571,0.0189,e2e
data,segment_2,11251176691855,True,20.6,-0.341,-0.8416,0.1539,0.0259,e2e
data,segment_2,11252177260593,True,18.8,-0.6175,-0.8744,0.2731,0.0223,e2e
data,segment_2,11253168742537,True,15.9,-0.6192,-0.8744,0.2529,0.05,e2e
data,segment_2,11254170601490,True,13.7,-0.5706,-0.8744,0.1887,0.0793,e2e
data,segment_2,11255170817889,True,11.7,-0.4598,-0.621,0.2282,0.111,e2e
data,segment_2,11256173015263,True,10.9,-0.1905,-0.5837,0.2141,0.0881,e2e
data,segment_2,11257174122826,True,10.3,-0.121,-0.2251,0.2082,0.0819,e2e
data,segment_2,11258169471352,True,10.3,0.1343,-0.2105,0.2107,0.0375,e2e
data,segment_2,11259170230744,True,11.4,0.2648,-0.0938,0.4898,0.0299,e2e
data,segment_2,11260173842699,True,12.8,0.2977,-0.1681,0.5607,0.0503,cruise
data,segment_2,11261175634241,True,13.1,0.2977,-0.1681,0.552,0.0617,cruise
data,segment_2,11262169217867,True,14.1,0.4786,-0.1681,0.3954,0.1508,cruise
data,segment_2,11263170814880,True,16.3,0.4786,-0.0097,0.3177,0.1422,cruise
data,segment_2,11264173798042,True,17.6,0.1381,-0.3333,0.1716,0.1765,e2e
data,segment_2,11265177129837,True,17.6,-0.1008,-0.4578,0.1624,0.1445,e2e
data,segment_2,11266178436435,True,16.7,-0.4055,-0.4735,0.1868,0.0742,e2e
data,segment_2,11267175262444,True,15.0,-0.4055,-0.4735,0.2122,0.064,e2e
data,segment_2,11268169587489,True,13.7,-0.1442,-0.4735,0.1648,0.083,e2e
data,segment_2,11269174695260,True,13.4,-0.0914,-0.3755,0.1791,0.0858,e2e
data,segment_2,11270169425913,True,13.1,-0.0882,-0.1255,0.0463,0.0307,e2e
data,segment_2,11271169972366,True,12.7,-0.0864,-0.1255,0.0498,0.013,e2e
data,segment_2,11272174167139,True,12.5,-0.0537,-0.1205,0.0715,0.0138,e2e
data,segment_2,11273176273746,True,12.5,0.0529,-0.137,0.3227,0.0252,e2e
data,segment_2,11281173576675,False,18.6,0.3468,-0.3451,0.5701,0.3375,cruise
data,segment_2,11282174843288,False,18.6,-0.2969,-0.64,0.5925,0.2162,e2e
data,segment_2,11283167829383,False,17.7,-0.3877,-0.6682,0.2749,0.2861,e2e
data,segment_2,11284169658212,False,15.6,-0.4385,-0.6682,0.2811,0.5955,e2e
data,segment_2,11285170482332,False,14.0,-0.3786,-0.6682,0.2884,0.6105,e2e
data,segment_2,11286175582615,False,13.2,-0.2521,-0.4696,0.376,0.5147,e2e
data,segment_2,11287167854817,False,13.2,0.5152,-0.4605,0.6508,0.4178,e2e
data,segment_2,11291168024638,True,19.4,0.3592,0.01,0.3447,0.0915,e2e
data,segment_2,11292168326779,True,20.6,0.2557,-0.0269,0.169,0.0682,e2e
data,segment_2,11293171977613,True,20.8,0.0055,-0.0878,0.1925,0.0612,e2e
data,segment_2,11294177166000,True,20.8,0.0024,-0.0878,0.0983,0.0555,e2e
data,segment_2,11295167752613,True,20.7,-0.0278,-0.1366,0.1437,0.0599,cruise
data,segment_2,11296170107023,True,20.6,-0.0242,-0.1366,0.1283,0.0504,lead0
data,segment_2,11297173894666,True,20.4,-0.0475,-0.1366,0.1326,0.0407,lead1
data,segment_2,11298174832295,True,20.2,-0.0264,-0.1207,0.1178,0.0446,lead0
data,segment_2,11299175375506,True,20.2,0.0184,-0.1207,0.1319,0.0517,lead0
data,segment_3,11303162065441,True,23.6,0.3547,0.2206,0.2316,0.0341,cruise
data,segment_3,11304163430646,True,24.9,0.3279,0.2206,0.196,0.036,cruise
data,segment_3,11305163510110,True,26.2,0.2674,0.1246,0.1332,0.0285,e2e
data,segment_3,11306165488365,True,27.1,0.2063,0.1173,0.1224,0.0294,e2e
data,segment_3,11307168370078,True,27.6,0.1738,0.1065,0.0967,0.0299,e2e
data,segment_3,11308172496957,True,28.3,0.1436,0.0081,0.0802,0.0295,e2e
data,segment_3,11309164112412,True,28.7,0.0506,-0.1339,0.079,0.0371,e2e
data,segment_3,11310171553295,True,28.7,-0.0465,-0.337,0.0645,0.033,e2e
data,segment_3,11311171223175,True,28.2,-0.1757,-0.3471,0.2103,0.0526,e2e
data,segment_3,11312163473343,True,27.2,-0.2422,-0.3471,0.22,0.0333,e2e
data,segment_3,11313163397637,True,26.5,-0.1712,-0.3471,0.1862,0.0431,e2e
data,segment_3,11314166709008,True,25.9,-0.1063,-0.2613,0.1065,0.0429,e2e
data,segment_3,11315167932996,True,25.6,-0.0755,-0.1857,0.1044,0.0434,e2e
data,segment_3,11316169353381,True,25.5,-0.0546,-0.1252,0.1155,0.0501,e2e
data,segment_3,11317170249563,True,25.4,0.0405,-0.0933,0.1394,0.0413,e2e
data,segment_3,11318171830721,True,25.5,0.0415,-0.1175,0.1731,0.0615,e2e
data,segment_3,11319164889858,True,25.7,0.0572,-0.1175,0.1591,0.0617,e2e
data,segment_3,11320166803657,True,25.7,0.0998,-0.1175,0.1491,0.0632,e2e
data,segment_3,11321167083548,True,26.3,0.1726,-0.0153,0.1338,0.0484,e2e
data,segment_3,11322167803318,True,27.0,0.1726,0.029,0.1236,0.0231,e2e
data,segment_3,11323169423942,True,27.3,0.1155,0.029,0.1442,0.0268,e2e
data,segment_3,11324165110692,True,27.6,0.0787,-0.0485,0.1727,0.039,e2e
data,segment_3,11325165289431,True,28.0,0.0718,-0.3538,0.2426,0.0489,e2e
data,segment_3,11326166317256,True,28.0,-0.0906,-0.6714,0.244,0.0616,e2e
data,segment_3,11327166977070,True,26.8,-0.6131,-1.0451,0.2513,0.0474,e2e
data,segment_3,11328167803387,True,24.4,-0.7108,-1.3024,0.2941,0.0486,e2e
data,segment_3,11329167023763,True,20.8,-0.9526,-1.3024,0.6427,0.0532,lead0
data,segment_3,11330169325653,True,16.7,-0.7945,-1.3024,0.5427,0.09,cruise
data,segment_3,11331168717529,True,15.7,-0.1316,-1.1887,0.4223,0.1107,cruise
data,segment_3,11332163284819,True,15.7,0.0079,-0.1953,0.2942,0.0973,cruise
data,segment_3,11333167336907,True,16.7,0.7515,-0.1548,0.2661,0.0493,cruise
data,segment_3,11334169974090,True,20.1,0.9608,0.388,0.3237,0.0289,cruise
data,segment_3,11335171945043,True,23.9,0.9475,0.5613,0.1854,0.0269,cruise
data,segment_3,11336170622349,True,26.9,0.766,0.4973,0.1274,0.0414,cruise
data,segment_3,11337163176360,True,29.1,0.5646,0.2279,0.1335,0.0773,cruise
data,segment_3,11338163065601,True,30.9,0.3633,0.0627,0.1315,0.0837,cruise
data,segment_3,11339165792042,True,31.7,0.1764,0.0179,0.1802,0.0971,cruise
data,segment_3,11340166319958,True,32.0,0.0637,-0.1863,0.1856,0.1253,e2e
data,segment_3,11341168931450,True,32.1,0.0196,-0.2843,0.2033,0.1253,e2e
data,segment_3,11342168538609,True,31.7,-0.1387,-0.2843,0.2228,0.0422,e2e
data,segment_3,11343169425621,True,31.2,-0.1049,-0.2843,0.1526,0.038,e2e
data,segment_3,11344170981881,True,31.2,0.0489,-0.1726,0.1216,0.0348,e2e
data,segment_3,11345163166617,True,31.4,0.0667,-0.0469,0.0975,0.0356,cruise
data,segment_3,11346166344747,True,31.7,0.0658,-0.053,0.0936,0.0308,cruise
data,segment_3,11347168794825,True,31.8,0.0635,-0.053,0.1149,0.0366,cruise
data,segment_3,11348162087019,True,31.9,0.0324,-0.0577,0.1131,0.0276,cruise
data,segment_3,11349162930219,True,32.1,0.0328,-0.0616,0.1278,0.0397,cruise
data,segment_3,11350163622796,True,32.2,0.031,-0.0616,0.1553,0.044,cruise
data,segment_3,11351162493190,True,32.3,0.047,-0.0616,0.1703,0.0569,cruise
data,segment_3,11352167165061,True,32.5,0.0158,-0.1023,0.1611,0.0499,cruise
data,segment_3,11353168900151,True,32.5,-0.0068,-0.1023,0.14,0.0401,cruise
data,segment_3,11354169350645,True,32.4,-0.0093,-0.1023,0.1111,0.0308,cruise
data,segment_3,11355171325670,True,32.3,-0.0112,-0.0963,0.0787,0.0251,cruise
data,segment_3,11356162127720,True,32.3,-0.0085,-0.1235,0.1097,0.024,cruise
data,segment_3,11357162701016,True,32.3,-0.0143,-0.1491,0.1592,0.0253,cruise
data,segment_3,11358168439717,True,32.2,-0.0358,-0.1491,0.1809,0.0437,cruise
data,segment_3,11359171669590,True,32.0,-0.0302,-0.1491,0.1646,0.0291,cruise
data,segment_4,11363164868343,True,31.1,-0.0392,-0.2297,0.2121,0.0323,e2e
data,segment_4,11364165570110,True,31.0,-0.0312,-0.0892,0.1033,0.032,e2e
data,segment_4,11365169268810,True,30.8,-0.0297,-0.0892,0.0869,0.0375,e2e
data,segment_4,11366169861411,True,30.7,-0.016,-0.0892,0.0773,0.0301,e2e
data,segment_4,11367172554670,True,30.7,0.0042,-0.0773,0.0674,0.0282,e2e
data,segment_4,11368173235336,True,30.8,0.0221,-0.0631,0.0904,0.0304,e2e
data,segment_4,11369173863346,True,30.8,0.0192,-0.1575,0.0995,0.0393,e2e
data,segment_4,11370172030288,True,30.8,-0.1214,-0.2366,0.083,0.0353,e2e
data,segment_4,11371173029479,True,30.2,-0.1449,-0.2366,0.1345,0.0378,e2e
data,segment_4,11372172817771,True,29.5,-0.123,-0.2366,0.1367,0.0305,e2e
data,segment_4,11373165095990,True,29.3,-0.1148,-0.3397,0.2553,0.0392,e2e
data,segment_4,11374165583630,True,28.8,-0.0788,-0.3397,0.2504,0.0413,e2e
data,segment_4,11375164933544,True,28.2,-0.1021,-0.3397,0.2504,0.0444,cruise
data,segment_4,11376166744731,True,28.0,-0.1097,-0.258,0.1388,0.0471,e2e
data,segment_4,11377169486251,True,27.3,-0.1864,-0.258,0.1466,0.0522,e2e
data,segment_4,11378169865136,True,26.6,-0.1848,-0.258,0.1941,0.0554,e2e
data,segment_4,11379169730391,True,26.2,-0.1664,-0.401,0.2399,0.0589,e2e
data,segment_4,11380171086377,True,25.7,-0.3096,-0.6691,0.2155,0.039,e2e
data,segment_4,11381171899930,True,24.2,-0.4975,-0.6697,0.225,0.0244,e2e
data,segment_4,11382175563754,True,22.0,-0.4975,-0.6697,0.2177,0.0251,e2e
data,segment_4,11383167441707,True,20.4,-0.4954,-0.6697,0.1782,0.0543,e2e
data,segment_4,11384169896816,True,18.9,-0.4973,-0.7516,0.1691,0.0543,e2e
data,segment_4,11385170951083,True,17.0,-0.6269,-0.8532,0.1304,0.0319,e2e
data,segment_4,11386172252945,True,14.3,-0.7007,-0.8532,0.3202,0.0297,cruise
data,segment_4,11387172919928,True,11.5,-0.5468,-0.8532,0.3457,0.1014,lead0
data,segment_5,11441173348742,True,14.6,1.2265,0.6583,0.1849,0.0254,cruise
data,segment_5,11442175447092,True,18.4,0.8694,0.3554,0.0859,0.0271,cruise
data,segment_5,11443177358310,True,20.8,0.5124,0.2332,0.1538,0.0332,cruise
data,segment_5,11444169115793,True,22.2,0.3218,0.0729,0.1363,0.0297,cruise
data,segment_5,11445173339173,True,23.2,0.2127,-0.0845,0.1118,0.0365,cruise
data,segment_5,11446169746190,True,23.4,0.006,-0.4511,0.1452,0.0791,cruise
data,segment_5,11447173543226,True,23.3,-0.1872,-0.6702,0.1586,0.0756,lead0
data,segment_5,11448177169120,True,21.7,-0.5195,-0.6702,0.2575,0.0647,lead0
data,segment_5,11449168885762,True,19.4,-0.5196,-0.6702,0.2534,0.0653,lead0
data,segment_5,11450169620392,True,17.8,-0.3091,-0.665,0.178,0.0854,lead0
data,segment_5,11451170057582,True,16.9,-0.256,-0.5245,0.2298,0.0776,lead0
data,segment_5,11452171746032,True,16.0,-0.2251,-0.5879,0.4362,0.0886,lead0
data,segment_5,11453171692402,True,15.9,-0.2381,-1.1943,0.5043,0.0815,lead0
data,segment_5,11454173751357,True,13.9,-0.9758,-1.2316,0.5483,0.106,lead0
data,segment_7,11554173046255,True,9.1,0.0152,-0.084,0.1054,0.0234,lead1
data,segment_7,11555175690403,True,9.1,-0.0071,-0.084,0.1509,0.0383,lead1
data,segment_7,11556166603057,True,9.1,0.0306,-0.084,0.0904,0.0343,lead1
data,segment_7,11557171715403,True,9.3,0.1359,-0.0427,0.0914,0.0244,lead1
data,segment_7,11558169625327,True,9.9,0.2643,0.1231,0.1051,0.0165,e2e
data,segment_7,11559172134266,True,11.2,0.3891,0.1359,0.2768,0.0341,e2e
data,segment_7,11560175361827,True,13.1,0.3891,-0.4797,0.4407,0.0452,lead0
data,segment_7,11561176254514,True,13.1,-0.1085,-0.4797,0.5076,0.0373,lead0
data,segment_7,11562172477351,True,12.5,-0.1085,-0.4797,0.545,0.036,lead0
data,segment_7,11563173906216,True,12.5,0.1747,-0.4293,0.2105,0.0298,lead0
data,segment_7,11564175113107,True,13.1,0.2269,-0.0439,0.2379,0.0426,lead0
data,segment_7,11565166461777,True,13.8,0.1347,-0.4355,0.1949,0.1073,lead0
data,segment_7,11566169687245,True,13.8,-0.16,-0.6691,0.1678,0.1369,lead0
data,segment_7,11567174779423,True,12.7,-0.4731,-1.4871,0.302,0.1297,lead0
data,segment_7,11595169378016,True,11.1,0.4584,0.1983,0.1579,0.0694,lead1
data,segment_7,11596171044695,True,12.7,0.2806,0.1162,0.087,0.0701,lead0
data,segment_7,11597173875657,True,13.4,0.1993,-0.1479,0.1596,0.0477,lead0
data,segment_7,11598166074464,True,13.6,0.1228,-0.1479,0.2705,0.0391,lead0
data,segment_7,11599167861968,True,13.7,0.0443,-0.1479,0.3174,0.0777,lead0
data,segment_8,11603159955796,True,14.7,-0.1452,-0.347,0.2569,0.0664,lead0
data,segment_8,11604169222061,True,14.0,-0.2435,-0.347,0.1322,0.0282,lead0
data,segment_8,11605160952750,True,12.9,-0.2558,-0.347,0.3477,0.049,lead0
data,segment_8,11606161517161,True,12.7,-0.0923,-0.3215,0.322,0.1784,cruise
data,segment_8,11607162012198,True,13.2,0.6874,-0.2889,0.3894,0.1784,cruise
data,segment_8,11608162678529,True,16.5,0.8138,0.3089,0.3936,0.105,cruise
data,segment_8,11609161702413,True,19.7,0.7574,0.5108,0.1232,0.0842,cruise
data,segment_8,11610165472078,True,22.3,0.6776,0.3744,0.1263,0.079,cruise
data,segment_8,11611166952910,True,24.1,0.5135,0.3744,0.1924,0.0555,cruise
data,segment_8,11612166801868,True,25.7,0.4371,0.2908,0.2041,0.0451,cruise
data,segment_8,11613168984758,True,27.4,0.3842,0.1318,0.2131,0.0351,cruise
data,segment_8,11614164194489,True,28.5,0.1698,-0.0749,0.1542,0.0329,e2e
data,segment_8,11615160199194,True,28.7,0.0423,-0.0749,0.1836,0.0404,lead0
data,segment_8,11616160422613,True,28.8,0.0335,-0.0749,0.165,0.0425,e2e
data,segment_8,11617160469423,True,28.9,0.0371,-0.0738,0.1434,0.0387,e2e
data,segment_8,11618161835251,True,29.0,0.0304,-0.1686,0.1645,0.0323,e2e
data,segment_8,11619164977583,True,29.0,-0.1062,-0.3418,0.1822,0.0567,e2e
data,segment_8,11620165667805,True,28.6,-0.1604,-0.4092,0.2348,0.0598,e2e
data,segment_8,11621164281116,True,27.4,-0.1831,-0.4092,0.244,0.0922,e2e
data,segment_8,11622168742619,True,26.6,-0.2717,-0.4092,0.2613,0.0799,e2e
data,segment_8,11623160531358,True,26.2,-0.1818,-0.3349,0.2594,0.0744,e2e
data,segment_8,11624162654499,True,25.1,-0.1477,-0.3349,0.2316,0.0476,e2e
data,segment_8,11625163087224,True,24.8,-0.0704,-0.3349,0.1273,0.041,lead0
data,segment_8,11626164461792,True,24.6,0.0023,-0.1053,0.1218,0.0459,lead0
data,segment_8,11627161184947,True,24.7,0.0946,-0.0849,0.1229,0.0376,lead0
data,segment_8,11628162129006,True,25.7,0.3974,0.0282,0.2001,0.0347,cruise
data,segment_8,11629161568320,True,27.3,0.4078,0.2431,0.1876,0.0157,cruise
data,segment_8,11630166416520,True,28.8,0.38,0.2497,0.104,0.0177,cruise
data,segment_8,11631161810027,True,30.0,0.2954,0.0798,0.0905,0.0179,cruise
data,segment_8,11632167645536,True,30.9,0.1899,0.0798,0.1347,0.033,cruise
data,segment_8,11633164181503,True,31.5,0.1256,-0.1315,0.1607,0.0447,cruise
data,segment_8,11634167896714,True,31.7,0.0573,-0.1315,0.1806,0.0516,cruise
data,segment_8,11635171782335,True,31.7,-0.009,-0.1315,0.1557,0.0388,lead0
data,segment_8,11636166082434,True,31.7,-0.001,-0.0846,0.1163,0.032,cruise
data,segment_8,11637167904475,True,31.7,-0.0106,-0.1322,0.1054,0.0344,cruise
data,segment_8,11638169343714,True,31.7,-0.0392,-0.166,0.1472,0.0655,cruise
data,segment_8,11639160260847,True,31.4,-0.0531,-0.166,0.2118,0.075,cruise
data,segment_8,11640164733058,True,31.3,-0.0505,-0.166,0.2144,0.0766,e2e
data,segment_8,11641165052747,True,31.2,0.0096,-0.1369,0.2022,0.035,e2e
data,segment_8,11642166843428,True,31.2,0.0402,-0.1369,0.1206,0.0236,e2e
data,segment_8,11643165538793,True,31.3,0.049,-0.2042,0.1725,0.0243,e2e
data,segment_8,11644165634632,True,31.3,-0.0881,-0.375,0.1401,0.0267,e2e
data,segment_8,11645167867430,True,31.0,-0.1957,-0.375,0.1677,0.0512,e2e
data,segment_8,11646167919310,True,30.0,-0.2075,-0.375,0.117,0.05,e2e
data,segment_8,11647162863386,True,29.3,-0.1875,-0.2923,0.101,0.0583,e2e
data,segment_8,11648164417975,True,28.8,-0.076,-0.2185,0.0961,0.0645,e2e
data,segment_8,11649161989515,True,28.7,-0.0124,-0.2048,0.1363,0.0728,e2e
data,segment_8,11650165048739,True,28.8,0.0493,-0.0926,0.1634,0.0532,e2e
data,segment_8,11651164918848,True,29.1,0.1937,-0.0926,0.201,0.0445,e2e
data,segment_8,11652164850621,True,30.1,0.2074,-0.0187,0.253,0.0336,e2e
data,segment_8,11653166729464,True,30.9,0.1437,-0.161,0.1809,0.0488,lead0
data,segment_8,11654168483986,True,30.9,-0.0468,-0.4045,0.1699,0.1122,lead0
data,segment_8,11655168602624,True,30.7,-0.1413,-0.4636,0.2861,0.1175,lead0
data,segment_8,11656162384332,True,29.5,-0.1509,-0.4724,0.3975,0.1027,lead0
data,segment_8,11657168613081,True,29.2,-0.0328,-0.4724,0.3065,0.0907,lead0
data,segment_8,11658160905460,True,29.4,0.3036,-0.4724,0.2515,0.0831,lead0
data,segment_8,11659161023885,True,30.6,0.3212,0.1292,0.2925,0.06,cruise
data,segment_8,11660163320884,True,31.9,0.2779,0.1436,0.3212,0.0522,cruise
data,segment_9,11663177230028,True,34.3,0.1228,-0.0712,0.7326,0.0536,cruise
data,segment_9,11664183795893,True,34.8,0.1101,-0.0061,0.1856,0.0538,cruise
data,segment_9,11665186042419,True,34.9,0.0861,-0.0531,0.1778,0.0612,cruise
data,segment_9,11666186707434,True,35.2,0.0562,-0.2379,0.2648,0.0823,cruise
data,segment_9,11667188775266,True,35.2,-0.0075,-0.2441,0.3197,0.0873,cruise
data,segment_9,11668181281639,True,35.1,-0.061,-0.2441,0.323,0.1065,cruise
data,segment_9,11669186496658,True,35.0,-0.0349,-0.2441,0.2392,0.08,cruise
data,segment_9,11670188173093,True,34.9,-0.0168,-0.2432,0.2127,0.0652,cruise
data,segment_9,11671180208384,True,34.9,-0.0254,-0.3457,0.3435,0.0652,cruise
data,segment_9,11672184894719,True,34.7,-0.0864,-0.3457,0.3539,0.0922,cruise
data,segment_9,11673184938860,True,34.3,-0.081,-0.3457,0.3233,0.0924,cruise
data,segment_9,11674179157826,True,34.1,-0.0477,-0.1684,0.1679,0.0775,cruise
data,segment_9,11675186321577,True,34.1,0.0116,-0.1684,0.1547,0.0486,cruise
data,segment_9,11676177997759,True,34.1,0.0275,-0.1162,0.1909,0.0566,cruise
data,segment_9,11677180978623,True,34.3,0.1207,-0.0652,0.2148,0.0494,cruise
data,segment_9,11678185868798,True,35.1,0.4147,-0.0652,0.2348,0.0519,e2e
data,segment_9,11679187460903,True,37.0,0.4258,0.2905,0.2466,0.0488,e2e
data,segment_9,11680188728955,True,38.4,0.3973,-0.0248,0.246,0.0537,e2e
data,segment_9,11681189672746,True,39.5,0.2581,-0.0248,0.2902,0.0524,e2e
data,segment_9,11682178919209,True,40.3,0.19,-0.0248,0.2664,0.0504,e2e
data,segment_9,11683179565977,True,41.2,0.1702,0.0773,0.1844,0.0322,e2e
data,segment_9,11684183610132,True,41.7,0.1263,0.0313,0.1455,0.0471,e2e
data,segment_9,11685184834327,True,42.1,0.0974,-0.0594,0.1259,0.0434,e2e
data,segment_9,11686185694157,True,42.4,0.0559,-0.0594,0.1218,0.0444,e2e
data,segment_9,11687180925733,True,42.5,0.0054,-0.1834,0.1016,0.0556,e2e
data,segment_9,11688182154143,True,42.5,-0.0522,-0.2657,0.121,0.0446,e2e
data,segment_9,11689183734727,True,41.9,-0.1542,-0.4646,0.1747,0.0571,e2e
data,segment_9,11690180596402,True,41.2,-0.3472,-0.9569,0.2648,0.0522,e2e
data,segment_9,11691181267848,True,39.5,-0.5961,-1.2331,0.2513,0.0753,e2e
data,segment_9,11692182246261,True,36.1,-1.0362,-1.8042,0.3371,0.0779,e2e
data,segment_9,11693183268734,True,32.0,-1.4847,-1.8042,0.4267,0.085,e2e
data,segment_9,11694185515854,True,25.7,-1.6907,-1.8042,0.5403,0.0864,e2e
data,segment_9,11699183397085,True,21.5,1.2269,0.8412,0.2383,0.0339,e2e
data,segment_9,11700184650742,True,26.0,1.2269,0.9129,0.1764,0.0363,e2e
data,segment_9,11701187064620,True,30.1,0.9979,0.8843,0.1275,0.0318,e2e
data,segment_9,11702181010232,True,33.5,0.9292,0.6972,0.1369,0.0337,e2e
data,segment_9,11703181730309,True,36.8,0.8709,0.5703,0.1335,0.0431,e2e
data,segment_9,11704183955960,True,39.5,0.7017,0.5703,0.1684,0.0666,e2e
data,segment_9,11705186969711,True,41.7,0.6201,0.3026,0.2488,0.0511,e2e
data,segment_9,11706178686122,True,43.9,0.4324,0.2544,0.251,0.0474,e2e
data,segment_9,11707182794418,True,45.3,0.3467,0.0742,0.2334,0.0387,e2e
data,segment_9,11708187937158,True,46.2,0.1305,0.0455,0.1701,0.0405,e2e
data,segment_9,11709177580300,True,46.6,0.1269,0.0455,0.1653,0.0379,e2e
data,segment_9,11710188638001,True,47.1,0.1207,0.0078,0.1303,0.0379,e2e
data,segment_9,11711178297129,True,47.5,0.1237,0.0078,0.1235,0.0293,e2e
data,segment_9,11712178935950,True,47.9,0.1148,0.0078,0.1371,0.0381,e2e
data,segment_9,11713186893854,True,48.3,0.1148,0.0149,0.1271,0.0318,e2e
data,segment_9,11714184864427,True,48.8,0.0975,-0.0156,0.1378,0.0435,cruise
data,segment_9,11715188650694,True,49.1,0.0614,-0.0463,0.11,0.0406,cruise
data,segment_9,11716178135397,True,49.3,0.0327,-0.0463,0.0982,0.035,e2e
data,segment_9,11717184384759,True,49.4,0.0048,-0.0565,0.0774,0.0442,e2e
data,segment_9,11718181596133,True,49.4,-0.0173,-0.0946,0.0957,0.0444,e2e
data,segment_9,11719184932567,True,49.3,-0.0229,-0.1477,0.146,0.0558,e2e
data,segment_10,11723159358526,True,48.9,-0.2454,-1.2588,0.3604,0.0741,e2e
data,segment_10,11724168745434,True,46.7,-0.8038,-2.5557,0.6612,0.0895,e2e
data,segment_10,11725160800043,True,41.9,-1.9663,-2.63,1.0595,0.0575,lead0
data,segment_10,11726162935520,True,33.1,-1.9663,-2.63,1.2881,0.0751,lead0
data,segment_10,11727165174169,True,26.8,-0.8441,-2.63,0.5321,0.1244,lead0
data,segment_10,11728159593022,True,25.2,-0.1716,-1.7729,0.58,0.1208,e2e
data,segment_10,11729160737643,True,25.1,-0.0286,-0.4354,0.2167,0.086,e2e
data,segment_10,11730162193347,True,25.1,0.0245,-0.0963,0.1709,0.0375,e2e
data,segment_10,11731162291177,True,25.1,-0.007,-0.122,0.1487,0.0274,e2e
data,segment_10,11732162005008,True,25.1,-0.0665,-0.1251,0.1139,0.0278,e2e
data,segment_10,11733163689503,True,24.8,-0.1005,-0.212,0.2314,0.0541,e2e
data,segment_10,11734166895667,True,24.6,-0.0808,-0.212,0.2882,0.1068,e2e
data,segment_10,11735165870874,True,24.6,0.2469,-0.212,0.2604,0.1109,e2e
data,segment_10,11736168181544,True,26.6,0.6756,0.1131,0.3292,0.0613,e2e
data,segment_10,11737160168332,True,29.7,0.74,0.5184,0.2953,0.0292,e2e
data,segment_10,11738164614399,True,32.3,0.6723,0.2916,0.1631,0.0462,e2e
data,segment_10,11739165883380,True,34.4,0.4569,0.1319,0.1425,0.0647,e2e
data,segment_10,11740161738789,True,35.6,0.2322,-0.0066,0.1723,0.0682,e2e
data,segment_10,11741162654605,True,36.1,0.1157,-0.0661,0.1748,0.0454,e2e
data,segment_10,11742164556793,True,36.3,-0.0032,-0.1479,0.1691,0.0297,e2e
data,segment_10,11743166392992,True,36.2,-0.0661,-0.26,0.0914,0.0401,e2e
data,segment_10,11744162744162,True,35.9,-0.1625,-0.4674,0.1026,0.0396,e2e
data,segment_10,11745162924527,True,35.0,-0.3407,-1.3693,0.3599,0.0574,e2e
data,segment_10,11746163378009,True,33.1,-0.9355,-1.3693,0.4159,0.048,cruise
data,segment_10,11747164802760,True,29.1,-1.0579,-1.3693,0.4985,0.0659,cruise
data,segment_10,11748165418370,True,25.0,-1.0017,-1.2558,0.2521,0.0633,cruise
data,segment_10,11749166327771,True,21.7,-0.8853,-1.1937,0.2877,0.1079,cruise
data,segment_10,11750169315697,True,19.5,-0.7008,-0.9356,0.3385,0.115,cruise
data,segment_10,11751161553244,True,17.1,-0.8136,-1.0738,0.2571,0.0865,lead1
data,segment_10,11752161503248,True,13.8,-0.8548,-1.0738,0.3728,0.0637,lead1
data,segment_10,11753165027299,True,10.5,-0.7473,-1.0738,0.3702,0.0826,cruise
data,segment_10,11775166152511,True,16.3,1.1226,0.8066,0.3714,0.078,e2e
data,segment_10,11776166150866,True,20.6,1.0727,0.5276,0.2631,0.0691,cruise
data,segment_10,11777161280641,True,24.2,0.898,0.4208,0.2281,0.057,cruise
data,segment_10,11778163130757,True,26.4,0.5762,0.4208,0.2635,0.0541,e2e
data,segment_10,11779163938708,True,28.3,0.531,0.4178,0.1629,0.0467,e2e
data,segment_10,11780166338694,True,30.3,0.4875,0.2864,0.1913,0.0424,e2e
data,segment_11,11783179985613,True,34.6,0.3665,0.0515,0.2003,0.0387,e2e
data,segment_11,11784182676204,True,35.8,0.2729,0.0515,0.2381,0.0407,e2e
data,segment_11,11785185316502,True,36.4,0.239,0.0515,0.2331,0.0432,e2e
data,segment_11,11786186919112,True,37.2,0.2522,0.0874,0.1825,0.0446,e2e
data,segment_11,11787185790773,True,38.2,0.2604,0.0887,0.1705,0.0467,e2e
data,segment_11,11788186584225,True,39.1,0.2339,0.0887,0.1544,0.0327,e2e
data,segment_11,11789188143755,True,39.9,0.2126,0.0887,0.1628,0.0324,e2e
data,segment_11,11790180813920,True,40.6,0.2059,0.0479,0.1799,0.0344,e2e
data,segment_11,11791183836449,True,41.4,0.1988,0.0479,0.2003,0.038,e2e
data,segment_11,11792180638704,True,42.0,0.1821,0.0479,0.1706,0.0394,e2e
data,segment_11,11793182807129,True,42.6,0.1529,-0.0094,0.13,0.025,e2e
data,segment_11,11794182948955,True,43.1,0.0981,-0.0794,0.1222,0.0231,e2e
data,segment_11,11795183711302,True,43.3,0.0553,-0.1218,0.123,0.0238,e2e
data,segment_11,11796183854506,True,43.3,-0.0121,-0.1949,0.187,0.0333,e2e
data,segment_11,11797186803158,True,43.1,-0.0543,-0.1949,0.1904,0.0548,e2e
data,segment_11,11798187284423,True,42.9,-0.0385,-0.1949,0.1766,0.0351,e2e
data,segment_11,11799183429275,True,42.8,-0.0392,-0.1674,0.1173,0.0375,e2e
data,segment_11,11800184191105,True,42.6,-0.0436,-0.1476,0.1533,0.0386,e2e
data,segment_11,11801187051063,True,42.5,-0.0276,-0.1476,0.1892,0.0523,e2e
data,segment_11,11802181580592,True,42.5,0.1561,-0.1115,0.1944,0.0533,e2e
data,segment_11,11803185803294,True,43.3,0.2617,0.0359,0.2013,0.0474,e2e
data,segment_11,11804190560847,True,44.3,0.2644,-0.0339,0.2579,0.0488,e2e
data,segment_11,11805181895423,True,45.1,0.1407,-0.0339,0.239,0.0486,e2e
data,segment_11,11806185259756,True,45.6,0.0548,-0.1291,0.2297,0.0478,e2e
data,segment_11,11807187791788,True,45.6,0.0136,-0.1392,0.1455,0.0425,e2e
data,segment_11,11808187969281,True,45.6,-0.0272,-0.1559,0.1453,0.045,e2e
data,segment_11,11809181471844,True,45.5,-0.0278,-0.1559,0.1356,0.0475,e2e
data,segment_11,11810185597542,True,45.3,-0.0086,-0.1559,0.146,0.0394,e2e
data,segment_11,11811182061692,True,45.3,-0.0002,-0.1087,0.1559,0.0286,e2e
data,segment_11,11812185911134,True,45.3,-0.0303,-0.1291,0.1395,0.0256,e2e
data,segment_11,11813180094387,True,45.1,-0.0293,-0.1291,0.1311,0.0296,e2e
data,segment_11,11814183997329,True,45.0,-0.0393,-0.1291,0.1249,0.0364,e2e
data,segment_11,11815183010467,True,44.9,-0.0376,-0.2047,0.1602,0.0435,e2e
data,segment_11,11816181810248,True,44.8,-0.05,-0.2047,0.1744,0.0438,e2e
data,segment_11,11817180910735,True,44.4,-0.0762,-0.2047,0.1766,0.0373,e2e
data,segment_11,11818183477438,True,44.2,-0.0921,-0.1542,0.1267,0.0563,e2e
data,segment_11,11819184580079,True,43.8,-0.0939,-0.1731,0.0903,0.0551,e2e
data,segment_11,11820188951508,True,43.4,-0.0943,-0.1731,0.0819,0.0607,e2e
data,segment_11,11821184018264,True,43.2,-0.075,-0.1739,0.1104,0.0426,e2e
data,segment_11,11822180308703,True,42.9,-0.0796,-0.1739,0.1172,0.0363,e2e
data,segment_11,11823181565779,True,42.6,-0.0663,-0.1788,0.1364,0.0365,e2e
data,segment_11,11824181305932,True,42.4,-0.0711,-0.1837,0.1302,0.0431,e2e
data,segment_11,11825180821581,True,42.2,-0.0829,-0.2776,0.1672,0.0636,e2e
data,segment_11,11826185595403,True,41.9,-0.1106,-0.2776,0.1995,0.0563,e2e
data,segment_11,11827189501818,True,41.3,-0.0828,-0.2776,0.2033,0.0478,e2e
data,segment_11,11828182756030,True,41.1,-0.0542,-0.2123,0.1747,0.0343,e2e
data,segment_11,11829183872892,True,40.9,-0.0662,-0.1462,0.1367,0.0288,e2e
data,segment_11,11830184658906,True,40.7,-0.0706,-0.1462,0.121,0.026,e2e
data,segment_11,11831186311296,True,40.4,-0.0769,-0.1457,0.0867,0.03,e2e
data,segment_11,11832188289856,True,40.2,-0.0886,-0.3056,0.1513,0.0446,e2e
data,segment_11,11833189548335,True,39.7,-0.0944,-0.3056,0.1623,0.0629,e2e
data,segment_11,11834183050094,True,39.1,-0.1011,-0.3056,0.1847,0.0713,e2e
data,segment_11,11835181606611,True,38.9,-0.0876,-0.2939,0.1556,0.0743,e2e
data,segment_11,11836186173102,True,38.4,-0.0848,-0.2939,0.1493,0.0644,e2e
data,segment_11,11837181245805,True,38.0,-0.0952,-0.2939,0.1672,0.049,e2e
data,segment_11,11838180746558,True,37.7,-0.1178,-0.3921,0.1178,0.0365,e2e
data,segment_11,11839185888210,True,36.8,-0.2778,-0.3921,0.2026,0.0329,e2e
data,segment_12,11843158759315,True,34.8,-0.0436,-0.1091,0.1461,0.0405,e2e
data,segment_12,11844163979094,True,34.8,-0.0619,-0.2195,0.1548,0.0536,e2e
data,segment_12,11845165648080,True,34.5,-0.1013,-0.274,0.1679,0.0496,lead0
data,segment_12,11846166110989,True,33.9,-0.1207,-0.274,0.1709,0.0325,lead0
data,segment_12,11847159042924,True,33.4,-0.0922,-0.274,0.1884,0.0314,cruise
data,segment_12,11848166017119,True,33.4,0.0077,-0.1803,0.1654,0.034,e2e
data,segment_12,11849167113666,True,33.5,0.1395,-0.0316,0.2179,0.0472,e2e
data,segment_12,11850165408560,True,34.2,0.2839,0.02,0.2172,0.0375,e2e
data,segment_12,11851160368314,True,35.4,0.301,0.0853,0.2117,0.0351,e2e
data,segment_12,11852164539402,True,36.4,0.2426,0.0974,0.1429,0.0304,e2e
data,segment_12,11853159515611,True,37.2,0.149,-0.0372,0.1514,0.032,e2e
data,segment_12,11854160702772,True,37.5,0.0448,-0.0999,0.1128,0.0282,e2e
data,segment_12,11855166246641,True,37.4,-0.05,-0.2333,0.1139,0.042,cruise
data,segment_12,11856159313294,True,37.2,-0.137,-0.255,0.1094,0.0383,lead1
data,segment_12,11857163667226,True,36.5,-0.1514,-0.255,0.117,0.0562,e2e
data,segment_12,11858165073425,True,35.9,-0.1499,-0.255,0.1338,0.0395,e2e
data,segment_12,11859165728498,True,35.3,-0.0862,-0.2482,0.1215,0.0367,e2e
data,segment_12,11860168008776,True,35.2,-0.0336,-0.2482,0.0956,0.0241,cruise
data,segment_12,11861160169306,True,35.1,-0.0211,-0.0492,0.0997,0.0284,cruise
data,segment_12,11862162441194,True,35.1,0.0019,-0.0396,0.19,0.0366,cruise
data,segment_12,11863166522072,True,35.6,0.0876,-0.0385,0.2237,0.064,cruise
data,segment_12,11864164029574,True,35.9,0.1422,-0.0385,0.2205,0.0455,cruise
data,segment_12,11865165209009,True,36.2,0.114,0.0063,0.1683,0.0332,e2e
data,segment_12,11866160747061,True,36.7,0.079,0.0028,0.1213,0.0323,e2e
data,segment_12,11867165580564,True,36.9,0.0582,-0.0002,0.1014,0.0294,e2e
data,segment_12,11868160748591,True,37.0,0.025,-0.1454,0.1114,0.0457,e2e
data,segment_12,11869160905663,True,37.0,-0.0409,-0.2491,0.1251,0.0457,cruise
data,segment_12,11870162954997,True,36.6,-0.1867,-0.3339,0.1426,0.063,cruise
data,segment_12,11871167845616,True,35.7,-0.2246,-0.3346,0.1745,0.044,cruise
data,segment_12,11872160788370,True,34.8,-0.2346,-0.3346,0.1805,0.0503,e2e
data,segment_12,11873162993770,True,34.1,-0.2362,-0.4743,0.1992,0.0509,e2e
data,segment_12,11874166980142,True,33.0,-0.3223,-1.0072,0.3378,0.0607,e2e
data,segment_12,11875159531615,True,31.7,-0.4714,-1.0155,0.4219,0.0511,e2e
data,segment_12,11876161946096,True,28.7,-0.6275,-1.0155,0.5589,0.055,lead0
data,segment_12,11877163756151,True,26.2,-0.366,-1.0155,0.3771,0.1176,e2e
data,segment_12,11878164669411,True,25.4,-0.3634,-0.7422,0.4458,0.138,e2e
data,segment_12,11879159185100,True,24.1,-0.488,-1.1203,0.148,0.0738,e2e
data,segment_12,11880162191795,True,21.4,-0.9464,-1.1429,0.2803,0.0335,e2e
data,segment_12,11881166553616,True,17.5,-0.9473,-1.1429,0.3057,0.0541,lead0
data,segment_12,11882159843465,True,14.1,-0.7539,-1.1429,0.122,0.1005,cruise
data,segment_12,11883162253845,True,11.5,-0.6149,-0.9473,0.1391,0.1171,e2e
data,segment_13,11910156123780,True,9.1,0.2151,0.1258,0.1402,0.042,cruise
data,segment_13,11911160456289,True,9.7,0.157,0.0709,0.1609,0.0296,cruise
data,segment_13,11912163714145,True,10.2,0.1977,0.0709,0.3067,0.0484,cruise
data,segment_13,11913164746831,True,10.9,0.4623,0.0709,0.2981,0.0461,cruise
data,segment_13,11914158374458,True,13.6,0.7332,0.1713,0.3822,0.0511,cruise
data,segment_13,11915162112860,True,16.7,0.7086,0.2448,0.2373,0.0511,cruise
data,segment_13,11916165046064,True,18.6,0.412,-0.2757,0.095,0.0814,cruise
data,segment_13,11917155054766,True,19.0,0.0474,-0.3236,0.208,0.1014,lead0
data,segment_13,11918157381176,True,18.8,-0.1649,-0.3236,0.2724,0.0849,lead0
data,segment_13,11919158312130,True,18.1,-0.158,-0.3236,0.1373,0.0468,lead0
data,segment_13,11920157699618,True,17.8,-0.0667,-0.2752,0.0977,0.0253,lead0
data,segment_13,11921161118442,True,17.8,0.0951,-0.0865,0.0944,0.03,cruise
data,segment_13,11922161346452,True,18.4,0.331,0.0007,0.1454,0.0472,cruise
data,segment_13,11923160448664,True,20.0,0.4207,0.1921,0.214,0.0538,e2e
data,segment_13,11924166815982,True,21.8,0.3778,-0.0516,0.2007,0.059,e2e
data,segment_13,11925158153198,True,22.7,0.1382,-0.0968,0.1662,0.0542,e2e
data,segment_13,11926162549574,True,22.8,0.0432,-0.0968,0.2312,0.0541,cruise
data,segment_13,11927161941235,True,22.8,0.0719,-0.0968,0.1606,0.051,cruise
data,segment_13,11928165107019,True,23.1,0.1441,-0.0915,0.1818,0.0457,cruise
data,segment_13,11929156685140,True,24.1,0.2666,0.1055,0.2067,0.0472,cruise
data,segment_13,11930160561819,True,25.2,0.2914,0.106,0.1834,0.0408,cruise
data,segment_13,11931163076159,True,26.2,0.2628,0.1105,0.1471,0.0403,cruise
data,segment_13,11932155411404,True,27.1,0.201,0.1105,0.1261,0.0252,lead0
data,segment_13,11933159740861,True,27.7,0.1634,0.107,0.1047,0.0409,lead0
data,segment_13,11934157435173,True,28.4,0.1419,0.0126,0.1119,0.0364,lead0
data,segment_13,11935158258926,True,28.7,0.0583,-0.0478,0.1307,0.0473,lead0
data,segment_13,11936161891577,True,28.8,0.058,-0.0478,0.1372,0.0268,lead0
data,segment_13,11937162608433,True,29.0,0.0748,-0.0478,0.1399,0.0324,lead0
data,segment_13,11938162608306,True,29.3,0.1111,0.0213,0.1391,0.0346,cruise
data,segment_13,11939163439286,True,29.8,0.1064,0.0213,0.1336,0.0381,cruise
data,segment_13,11940163794042,True,30.1,0.1029,0.0204,0.1198,0.0393,e2e
data,segment_13,11941164150605,True,30.5,0.0975,0.0204,0.1256,0.0384,cruise
data,segment_13,11942165031738,True,30.9,0.1213,0.0204,0.1258,0.0245,cruise
data,segment_13,11943156149718,True,31.3,0.132,0.0216,0.1116,0.0174,cruise
data,segment_13,11944160925624,True,31.9,0.1246,-0.0491,0.1244,0.0174,lead1
data,segment_13,11945166250684,True,32.2,0.0938,-0.1504,0.0931,0.0454,lead1
data,segment_13,11946157242735,True,32.2,-0.0598,-0.1504,0.1268,0.0518,lead0
data,segment_13,11947159116401,True,31.9,-0.0598,-0.1504,0.1471,0.0495,lead0
data,segment_13,11948161163367,True,31.7,-0.0902,-0.3654,0.2341,0.0511,lead0
data,segment_13,11949155990437,True,31.6,-0.1155,-0.6952,0.2331,0.0444,e2e
data,segment_13,11950155744341,True,30.3,-0.4881,-0.6952,0.2594,0.0412,e2e
data,segment_13,11951158487180,True,28.1,-0.5715,-0.7043,0.2497,0.0376,lead0
data,segment_13,11952159149300,True,26.2,-0.5504,-0.7043,0.3171,0.0441,lead0
data,segment_13,11953161183780,True,24.0,-0.516,-0.7043,0.3192,0.0564,lead0
data,segment_13,11954154840024,True,23.6,-0.0329,-0.6105,0.2322,0.0565,lead0
data,segment_13,11955162191756,True,23.8,0.3377,-0.1252,0.2498,0.0421,cruise
data,segment_13,11956165533251,True,25.8,0.6,0.1315,0.3069,0.0393,cruise
data,segment_13,11957157483181,True,28.0,0.6,0.3048,0.1974,0.0414,e2e
data,segment_13,11958159607087,True,29.9,0.389,0.1892,0.133,0.0422,e2e
data,segment_13,11959163692781,True,31.1,0.2384,0.1506,0.0965,0.0449,e2e
data,segment_14,11963162854161,True,33.9,0.2511,-0.0586,0.1526,0.0297,cruise
data,segment_14,11964164903527,True,34.9,0.2584,0.1594,0.1171,0.0287,cruise
data,segment_14,11965166460000,True,35.7,0.2336,0.0949,0.0958,0.027,cruise
data,segment_14,11966169987424,True,36.5,0.1641,0.0428,0.1215,0.0258,cruise
data,segment_14,11967172860667,True,36.8,0.1374,-0.0737,0.1439,0.0286,cruise
data,segment_14,11968163479959,True,37.2,0.0755,-0.1962,0.1604,0.0353,cruise
data,segment_14,11969165539585,True,37.2,-0.1002,-0.2046,0.1635,0.0424,lead0
data,segment_14,11970166893678,True,36.8,-0.1172,-0.2128,0.1614,0.0529,lead0
data,segment_14,11971172415771,True,36.5,-0.1031,-0.2128,0.1257,0.0472,lead0
data,segment_14,11972163285889,True,36.2,-0.0352,-0.2128,0.1269,0.0522,lead0
data,segment_14,11973165190285,True,36.1,-0.0018,-0.2128,0.1637,0.0541,lead0
data,segment_14,11974166526948,True,36.1,0.0167,-0.1687,0.1705,0.0539,lead0
data,segment_14,11975168331516,True,36.2,0.0149,-0.1687,0.18,0.0632,cruise
data,segment_14,11976171110300,True,36.2,0.0131,-0.1549,0.1968,0.06,cruise
data,segment_14,11977164305152,True,36.2,0.0159,-0.1549,0.2141,0.0622,cruise
data,segment_14,11978169063666,True,36.2,0.0271,-0.1174,0.2177,0.0618,e2e
data,segment_14,11979170848405,True,36.4,0.0665,-0.0959,0.171,0.0419,e2e
data,segment_14,11980164865303,True,36.6,0.0796,-0.0959,0.2053,0.0407,e2e
data,segment_14,11981165368596,True,36.7,0.0868,0.0029,0.201,0.0415,e2e
data,segment_14,11982167693687,True,37.4,0.1308,-0.0633,0.2814,0.0665,e2e
data,segment_14,11983170497672,True,37.9,0.0776,-0.1839,0.2392,0.0643,e2e
data,segment_14,11984171347948,True,37.9,-0.065,-0.1839,0.2042,0.0569,e2e
data,segment_14,11985167182276,True,37.7,-0.1028,-0.2103,0.1519,0.0493,e2e
data,segment_14,11986171996277,True,37.3,-0.0838,-0.2103,0.1182,0.0472,e2e
data,segment_14,11987167796185,True,36.9,-0.0921,-0.2103,0.1275,0.0411,e2e
data,segment_14,11988170774254,True,36.8,-0.0955,-0.3356,0.1848,0.0549,e2e
data,segment_14,11989172984605,True,36.4,-0.1031,-0.3356,0.2407,0.0628,e2e
data,segment_14,11990166079252,True,35.7,-0.0928,-0.3356,0.2347,0.0741,e2e
data,segment_14,11991168609264,True,35.5,-0.0554,-0.2795,0.1649,0.0582,e2e
data,segment_14,11992164595488,True,35.3,-0.0357,-0.1649,0.1092,0.0528,e2e
data,segment_14,11993165386536,True,35.3,0.0181,-0.0978,0.109,0.0358,e2e
data,segment_14,11994170463861,True,35.4,0.0618,-0.0682,0.1437,0.0272,e2e
data,segment_14,11995172348359,True,35.6,0.0399,-0.2016,0.1132,0.0373,e2e
data,segment_14,11996170379358,True,35.6,-0.0723,-0.2016,0.1385,0.0438,e2e
data,segment_14,11997162986885,True,35.2,-0.093,-0.2016,0.1732,0.065,e2e
data,segment_14,11998171944924,True,34.9,-0.1235,-0.289,0.1666,0.038,cruise
data,segment_14,11999172193573,True,34.4,-0.2287,-0.3729,0.1497,0.0372,lead0
data,segment_14,12000170105155,True,33.5,-0.2984,-0.5472,0.1389,0.0355,lead0
data,segment_14,12001170559462,True,32.3,-0.3685,-0.5911,0.1856,0.0354,e2e
data,segment_14,12002172013658,True,30.5,-0.5211,-0.5911,0.1794,0.0387,e2e
data,segment_14,12003165229306,True,28.6,-0.5327,-0.6199,0.1681,0.0414,e2e
data,segment_14,12004167017274,True,26.9,-0.5338,-0.626,0.1207,0.0448,e2e
data,segment_14,12005167264929,True,24.9,-0.5795,-0.8682,0.1888,0.0525,e2e
data,segment_14,12006169368286,True,22.7,-0.6245,-0.9988,0.173,0.0391,e2e
data,segment_14,12007166508231,True,19.9,-0.8249,-0.9988,0.243,0.0531,cruise
data,segment_14,12008170296548,True,16.6,-0.844,-0.9988,0.2038,0.0532,cruise
data,segment_14,12009173672424,True,13.9,-0.8027,-0.9917,0.2448,0.0569,cruise
data,segment_14,12010164639367,True,10.6,-0.7514,-0.9328,0.2385,0.1101,lead0
data,segment_14,12014164985145,False,11.8,0.4762,-0.022,0.293,1.2068,lead0
data,segment_14,12015167658880,False,12.4,0.1125,-0.022,0.3331,0.5354,lead0
data,segment_14,12016171891936,False,12.6,0.1125,-0.022,0.1993,0.4184,e2e
data,segment_15,12024151341225,True,18.9,0.607,-0.0841,0.4898,0.089,e2e
data,segment_15,12025159957196,True,21.3,0.607,0.1649,0.2637,0.0633,e2e
data,segment_15,12026156484087,True,22.8,0.3115,0.1635,0.2061,0.065,e2e
data,segment_15,12027152122687,True,23.5,0.241,0.1635,0.1385,0.0613,e2e
data,segment_15,12028155006491,True,24.4,0.2417,0.1635,0.1006,0.0527,e2e
data,segment_15,12029156580269,True,25.3,0.223,0.0717,0.1105,0.0272,e2e
data,segment_15,12030157452876,True,26.0,0.1519,0.0717,0.1186,0.0129,e2e
data,segment_15,12031158864366,True,26.5,0.14,0.0717,0.0972,0.0122,e2e
data,segment_15,12032153337075,True,27.1,0.1288,0.0151,0.073,0.0188,e2e
data,segment_15,12033152469472,True,27.5,0.0985,0.0122,0.0584,0.0241,e2e
data,segment_15,12034155869193,True,27.8,0.0622,-0.0355,0.0722,0.0228,e2e
data,segment_15,12035153452384,True,27.8,0.016,-0.6204,0.301,0.0376,e2e
data,segment_15,12036153764849,True,27.8,-0.1783,-0.775,0.2785,0.0617,cruise
data,segment_15,12037154832220,True,25.9,-0.6611,-0.7981,0.3805,0.061,cruise
data,segment_15,12038155847428,True,23.2,-0.6612,-0.7981,0.2719,0.0611,cruise
data,segment_15,12039155461625,True,21.4,-0.2635,-0.7981,0.1803,0.0802,cruise
data,segment_15,12040155938323,True,20.9,-0.1382,-0.5206,0.1839,0.0804,cruise
data,segment_15,12041149398688,True,20.4,-0.0811,-0.1727,0.0874,0.0315,cruise
data,segment_15,12042157019895,True,20.2,-0.0602,-0.1411,0.1316,0.0353,cruise
data,segment_15,12043151782014,True,20.2,-0.0266,-0.1249,0.1309,0.0443,cruise
data,segment_15,12044158027904,True,20.0,-0.027,-0.1249,0.1193,0.043,cruise
data,segment_15,12045160138057,True,20.0,-0.0271,-0.1404,0.1238,0.039,cruise
data,segment_15,12046150148693,True,19.9,-0.0388,-0.1614,0.144,0.0469,cruise
data,segment_15,12047151742832,True,19.6,-0.0298,-0.1614,0.1411,0.0411,cruise
data,segment_15,12048152746517,True,19.5,-0.0059,-0.1614,0.1116,0.0219,cruise
data,segment_15,12049153117876,True,19.5,0.0151,-0.0955,0.0927,0.0152,cruise
data,segment_15,12050153105639,True,19.5,0.0221,-0.0586,0.0831,0.0172,cruise
data,segment_15,12051155348447,True,19.6,0.0418,-0.0361,0.0775,0.028,cruise
data,segment_15,12052157542161,True,19.8,0.054,-0.0361,0.0789,0.0317,cruise
data,segment_15,12053158691083,True,20.0,0.0464,-0.0544,0.0762,0.0299,cruise
data,segment_15,12054153300707,True,20.0,0.0215,-0.0544,0.1184,0.0273,cruise
data,segment_15,12055152616948,True,20.0,0.0486,-0.0544,0.1092,0.0226,cruise
data,segment_15,12056154486698,True,20.3,0.1087,-0.0337,0.118,0.0256,cruise
data,segment_15,12057149710387,True,20.9,0.1142,0.0908,0.0906,0.0182,cruise
data,segment_15,12058150707170,True,21.3,0.1213,0.0628,0.0884,0.0326,cruise
data,segment_15,12059150814301,True,21.7,0.1108,0.0443,0.0714,0.0351,cruise
data,segment_15,12060153925168,True,22.0,0.0737,0.0248,0.0684,0.0421,cruise
data,segment_15,12061158856374,True,22.3,0.0461,-0.0467,0.069,0.0449,cruise
data,segment_15,12062152534437,True,22.3,0.0102,-0.122,0.064,0.047,cruise
data,segment_15,12063158191714,True,22.3,-0.0335,-0.13,0.0934,0.0497,cruise
data,segment_15,12064154651254,True,22.2,-0.0656,-0.13,0.1048,0.0607,cruise
data,segment_15,12065150354256,True,21.8,-0.0632,-0.13,0.0993,0.0592,cruise
data,segment_15,12066160532106,True,21.6,-0.038,-0.1278,0.0589,0.0505,cruise
data,segment_15,12067159767046,True,21.5,-0.0272,-0.088,0.0699,0.0443,cruise
data,segment_15,12068149363448,True,21.5,0.0117,-0.0505,0.0857,0.0356,cruise
data,segment_15,12069150325157,True,21.6,0.0475,-0.0505,0.1118,0.0352,cruise
data,segment_15,12070151848920,True,21.9,0.0554,-0.0215,0.1079,0.0353,cruise
data,segment_15,12071161992429,True,22.1,0.0444,-0.135,0.1134,0.0369,cruise
data,segment_15,12072150157547,True,22.1,-0.0075,-0.135,0.1056,0.0333,cruise
data,segment_15,12073154208395,True,22.0,-0.0289,-0.135,0.1113,0.0346,cruise
data,segment_15,12074154512474,True,21.9,-0.035,-0.2077,0.1828,0.0422,lead0
data,segment_15,12075157181693,True,21.8,-0.0287,-0.2077,0.1978,0.0399,cruise
data,segment_15,12076159037605,True,21.6,-0.0246,-0.2077,0.2016,0.0391,cruise
data,segment_15,12077157843463,True,21.5,0.009,-0.1074,0.112,0.021,cruise
data,segment_15,12078151276010,True,21.7,0.0775,-0.1074,0.1005,0.0224,cruise
data,segment_15,12079157697908,True,22.1,0.1031,0.035,0.0938,0.0227,cruise
data,segment_16,12083139826480,True,23.0,0.0243,-0.1041,0.2238,0.0365,cruise
data,segment_16,12084143792498,True,23.1,0.0111,-0.1041,0.1384,0.03,cruise
data,segment_16,12085145074106,True,23.1,0.0017,-0.1041,0.1294,0.0231,cruise
data,segment_16,12086142168349,True,23.1,-0.0049,-0.0917,0.1163,0.0218,cruise
data,segment_16,12087146325279,True,23.1,-0.0133,-0.1009,0.0892,0.0215,cruise
data,segment_16,12088147282370,True,22.9,-0.0502,-0.1461,0.0866,0.033,cruise
data,segment_16,12089149271842,True,22.8,-0.0977,-0.4846,0.1962,0.0623,e2e
data,segment_16,12090142459829,True,22.3,-0.1677,-0.5517,0.2163,0.0679,e2e
data,segment_16,12091143581425,True,20.8,-0.4932,-0.5554,0.2493,0.0506,e2e
data,segment_16,12092143300489,True,19.0,-0.4932,-0.5554,0.2644,0.0422,e2e
data,segment_16,12093145018472,True,17.4,-0.1615,-0.5554,0.247,0.0396,e2e
data,segment_16,12094146335926,True,17.1,-0.1089,-0.473,0.2184,0.0468,e2e
data,segment_16,12095146757994,True,17.1,0.0957,-0.1621,0.1463,0.0441,e2e
data,segment_16,12096142235980,True,17.7,0.2418,-0.0506,0.1682,0.0414,e2e
data,segment_16,12097143125380,True,18.7,0.2599,-0.1888,0.3329,0.0654,e2e
data,segment_16,12098146131553,True,19.4,0.1129,-0.1894,0.4184,0.0727,lead0
data,segment_16,12099148617883,True,19.6,0.1129,-0.1894,0.4086,0.0755,cruise
data,segment_16,12100149692148,True,20.0,0.318,-0.1894,0.286,0.0761,cruise
data,segment_16,12101141956797,True,21.3,0.3189,-0.0921,0.3286,0.0895,cruise
data,segment_16,12102143400640,True,22.2,0.1201,-0.0921,0.3183,0.0827,cruise
data,segment_16,12103141860871,True,22.4,0.0329,-0.0921,0.2865,0.0476,cruise
data,segment_16,12104143903545,True,22.5,0.0068,-0.0987,0.1975,0.0459,cruise
data,segment_16,12105145311019,True,22.4,-0.0253,-0.8876,0.4442,0.0593,lead0
data,segment_16,12106142478884,True,21.9,-0.7229,-1.2414,0.5655,0.0757,lead0
data,segment_16,12107141782481,True,18.3,-0.7625,-1.2414,0.6196,0.0997,lead0
data,segment_16,12108143495330,True,15.5,-0.7512,-1.2414,0.462,0.1013,lead0
data,segment_16,12109146338988,True,13.2,-0.5965,-0.8043,0.4962,0.1113,lead0
data,segment_16,12110146817786,True,12.2,0.0827,-0.8043,0.5146,0.1223,lead0
data,segment_16,12111140404158,True,12.3,0.1347,-0.5325,0.4504,0.1043,cruise
data,segment_16,12112141945969,True,12.7,0.1278,-0.2675,0.2665,0.1229,lead0
data,segment_16,12113142656864,True,12.8,0.0567,-0.3155,0.3295,0.0774,lead0
data,segment_16,12114145104199,True,12.5,-0.0441,-0.3155,0.4007,0.0677,lead0
data,segment_16,12115146808268,True,12.5,0.0623,-0.3155,0.2109,0.0452,lead0
data,segment_16,12116146549008,True,13.2,0.419,-0.1069,0.1745,0.0377,e2e
data,segment_16,12117146929813,True,14.9,0.5333,0.3361,0.131,0.0332,e2e
data,segment_16,12118139964159,True,17.0,0.5555,0.4603,0.1596,0.0379,e2e
data,segment_16,12119148520816,True,19.3,0.5449,0.2775,0.1497,0.0459,cruise
data,segment_16,12120146634896,True,20.9,0.3839,0.1396,0.0365,0.0463,cruise
data,segment_16,12121147597570,True,22.0,0.2081,0.0275,0.1034,0.0371,cruise
data,segment_16,12122150322931,True,22.6,0.1094,0.0275,0.1046,0.0336,cruise
data,segment_16,12123142039506,True,22.8,0.051,0.0009,0.105,0.0332,cruise
data,segment_16,12124140774408,True,22.9,0.0349,-0.0279,0.0591,0.0307,cruise
data,segment_16,12125145145452,True,23.0,0.0009,-0.055,0.071,0.0221,cruise
data,segment_16,12126147675239,True,23.0,-0.0096,-0.1151,0.12,0.0244,cruise
data,segment_16,12127152025834,True,22.9,-0.0084,-0.1151,0.1248,0.031,cruise
data,segment_16,12128144444584,True,22.9,0.0149,-0.1151,0.1164,0.0276,cruise
data,segment_16,12129145120164,True,22.9,0.0101,-0.0464,0.0615,0.0237,cruise
data,segment_16,12130146532674,True,22.9,-0.0133,-0.0874,0.0795,0.0269,cruise
data,segment_16,12131148851998,True,22.9,-0.0296,-0.2074,0.2086,0.0381,cruise
data,segment_16,12132141723402,True,22.7,0.0031,-0.2074,0.2102,0.0465,cruise
data,segment_16,12133143936709,True,22.8,0.0284,-0.2074,0.2008,0.029,cruise
data,segment_16,12134142200844,True,22.8,0.0383,-0.0186,0.0499,0.0257,cruise
data,segment_16,12135141421425,True,22.9,0.0364,-0.0186,0.0398,0.0267,cruise
data,segment_16,12136140897879,True,23.1,0.042,0.0056,0.0379,0.0341,cruise
data,segment_16,12137143249229,True,23.2,0.0281,-0.0345,0.0339,0.0248,cruise
data,segment_16,12138145659122,True,23.2,-0.0075,-0.0602,0.0421,0.0199,cruise
data,segment_16,12139147980644,True,23.2,-0.0202,-0.0602,0.0494,0.0107,cruise
data,segment_17,12143137669163,True,22.8,-0.0624,-0.3988,0.1908,0.0344,e2e
data,segment_17,12144139980200,True,22.2,-0.1648,-0.3988,0.24,0.0411,e2e
data,segment_17,12145141193097,True,21.1,-0.1648,-0.3988,0.3184,0.0382,e2e
data,segment_17,12146143203492,True,21.1,0.0831,-0.3057,0.2465,0.0362,cruise
data,segment_17,12147144057731,True,21.3,0.1124,-0.0819,0.2482,0.029,cruise
data,segment_17,12148145641297,True,21.8,0.097,-0.0713,0.1015,0.0258,cruise
data,segment_17,12149137848800,True,22.1,0.0641,-0.0713,0.0962,0.0287,e2e
data,segment_17,12150140875239,True,22.1,0.0417,-0.0713,0.1193,0.0255,e2e
data,segment_17,12151143069350,True,22.2,0.0547,-0.0626,0.0895,0.0256,cruise
data,segment_17,12152144042204,True,22.4,0.0673,-0.0025,0.0907,0.0234,cruise
data,segment_17,12153138551952,True,22.7,0.0552,-0.0299,0.1115,0.0287,cruise
data,segment_17,12154139907236,True,22.8,0.0432,-0.1461,0.1835,0.0387,cruise
data,segment_17,12155142563992,True,22.8,0.0336,-0.1461,0.1891,0.0409,cruise
data,segment_17,12156141092101,True,22.9,0.0601,-0.1461,0.1682,0.0634,cruise
data,segment_17,12157142777273,True,23.2,0.0444,-0.0475,0.1054,0.0385,cruise
data,segment_17,12158142391614,True,23.3,0.0148,-0.0475,0.0875,0.0295,cruise
data,segment_17,12159141137223,True,23.3,-0.022,-0.094,0.0763,0.0224,cruise
data,segment_17,12160140257028,True,23.2,-0.0185,-0.094,0.0707,0.0184,cruise
data,segment_17,12161139176852,True,23.1,-0.0163,-0.094,0.0614,0.0199,cruise
data,segment_17,12162138956826,True,23.1,0.0008,-0.0649,0.1,0.0189,cruise
data,segment_17,12163141761215,True,23.1,0.0051,-0.0871,0.1295,0.0252,cruise
data,segment_17,12164143187273,True,23.2,0.0284,-0.0871,0.1432,0.0445,cruise
data,segment_17,12165145284849,True,23.3,0.0064,-0.1705,0.1403,0.0454,cruise
data,segment_17,12166141624104,True,23.2,-0.0162,-0.1992,0.1905,0.0441,cruise
data,segment_17,12167142858210,True,22.9,-0.0576,-0.1992,0.2209,0.0434,cruise
data,segment_17,12168143860723,True,22.8,0.0139,-0.1992,0.1894,0.0429,cruise
data,segment_17,12169145198319,True,22.8,0.0166,-0.1197,0.1625,0.0392,cruise
data,segment_17,12170145276429,True,22.9,0.0402,-0.0719,0.1091,0.0386,cruise
data,segment_17,12171145449274,True,23.0,0.0337,-0.1368,0.1508,0.0344,cruise
data,segment_17,12172138134600,True,23.1,0.0352,-0.15,0.1716,0.0408,cruise
data,segment_17,12173147905550,True,23.1,-0.0295,-0.15,0.1668,0.0479,cruise
data,segment_17,12174140190547,True,22.9,-0.0514,-0.15,0.1386,0.0445,cruise
data,segment_17,12175139252029,True,22.8,-0.0703,-0.2723,0.1122,0.05,cruise
data,segment_17,12176139087259,True,22.4,-0.1133,-0.2723,0.224,0.0314,e2e
data,segment_17,12177141192899,True,21.8,-0.1893,-0.3956,0.2644,0.041,e2e
data,segment_17,12178143304531,True,21.0,-0.2302,-0.3956,0.269,0.0299,e2e
data,segment_17,12179140842021,True,19.9,-0.2294,-0.3956,0.1886,0.0628,e2e
data,segment_17,12180142550095,True,19.2,-0.165,-0.3887,0.0976,0.0496,e2e
data,segment_17,12181142956965,True,18.7,-0.1401,-0.1865,0.0795,0.0397,e2e
data,segment_17,12182145217503,True,18.3,-0.0432,-0.1817,0.0745,0.0373,e2e
data,segment_17,12183139715328,True,18.3,-0.004,-0.1245,0.0814,0.0341,e2e
data,segment_17,12184139151441,True,18.4,0.0956,-0.0518,0.0881,0.036,e2e
data,segment_17,12185141141903,True,19.0,0.1566,-0.0305,0.2434,0.0331,e2e
data,segment_17,12186140257002,True,19.7,0.1125,-0.3494,0.2506,0.0566,e2e
data,segment_17,12187142550778,True,19.7,-0.1146,-0.3699,0.2789,0.051,e2e
data,segment_17,12188142692265,True,18.8,-0.1981,-0.3699,0.2384,0.0746,e2e
data,segment_17,12189143996534,True,18.2,-0.2566,-0.7019,0.2725,0.0419,e2e
data,segment_17,12190143050342,True,17.2,-0.398,-0.7019,0.286,0.0488,e2e
data,segment_17,12191143058354,True,15.1,-0.4006,-0.7019,0.3698,0.0946,e2e
data,segment_17,12192144734735,True,13.8,-0.1679,-0.6849,0.1844,0.1156,e2e
data,segment_17,12193138512263,True,13.8,0.0558,-0.4028,0.21,0.1166,cruise
data,segment_17,12194139219394,True,14.0,0.0624,-0.1213,0.1259,0.1158,cruise
data,segment_17,12195140809328,True,14.0,-0.0336,-0.1247,0.1084,0.0725,e2e
data,segment_17,12196141857374,True,13.9,-0.0684,-0.1247,0.1511,0.0669,e2e
data,segment_17,12197142829229,True,13.6,-0.0969,-0.8695,0.3628,0.0587,e2e
data,segment_17,12198144962825,True,13.1,-0.3668,-0.9647,0.4535,0.0727,lead0
data,segment_17,12199139424109,True,10.3,-0.5721,-0.9647,0.5358,0.0755,lead0
data,segment_18,12204136201010,True,9.6,0.3313,0.2619,0.2146,0.0497,e2e
data,segment_18,12205141126595,True,10.8,0.3956,0.2619,0.2337,0.0431,e2e
data,segment_18,12206134183396,True,12.5,0.555,0.2619,0.3066,0.0467,e2e
data,segment_18,12207136211741,True,15.2,0.555,0.0455,0.3551,0.0469,e2e
data,segment_18,12208136600671,True,16.8,0.3324,-0.1399,0.2423,0.0579,e2e
data,segment_18,12209138518659,True,17.0,0.02,-0.1399,0.2724,0.0618,e2e
data,segment_18,12210142290681,True,17.0,-0.054,-0.1399,0.1919,0.0549,e2e
data,segment_18,12211144226533,True,16.9,-0.0383,-0.1255,0.1398,0.0508,e2e
data,segment_18,12212135746198,True,16.8,-0.0378,-0.1255,0.1687,0.0542,e2e
data,segment_18,12213138247476,True,16.8,0.0768,-0.0949,0.2193,0.0316,e2e
data,segment_18,12214140762137,True,17.5,0.0783,-0.106,0.232,0.0302,e2e
data,segment_18,12215140319821,True,17.6,0.0415,-0.106,0.2254,0.035,e2e
data,segment_18,12216140885192,True,17.7,0.0651,-0.106,0.1954,0.0535,e2e
data,segment_18,12217142233007,True,18.3,0.1666,-0.0331,0.1831,0.0434,e2e
data,segment_18,12218135517383,True,19.0,0.1593,-0.0249,0.1436,0.0261,e2e
data,segment_18,12219141701831,True,19.3,0.0552,-0.0249,0.1084,0.0242,e2e
data,segment_18,12220139260067,True,19.4,0.045,-0.0249,0.152,0.0235,e2e
data,segment_18,12221142664085,True,19.6,0.0395,-0.0718,0.1774,0.0278,e2e
data,segment_18,12222141949903,True,19.9,0.0131,-0.0844,0.1781,0.0418,e2e
data,segment_18,12223142324810,True,19.9,-0.028,-0.1094,0.1572,0.0406,e2e
data,segment_18,12224134241146,True,19.7,0.0016,-0.1094,0.1077,0.0275,e2e
data,segment_18,12225143949711,True,19.7,0.0049,-0.1094,0.1587,0.026,e2e
data,segment_18,12226142539477,True,19.7,0.0592,-0.1068,0.2347,0.0396,e2e
data,segment_18,12227138290744,True,19.9,0.0861,-0.1068,0.2583,0.0469,e2e
data,segment_18,12228138968483,True,20.4,0.1276,-0.1022,0.212,0.0443,cruise
data,segment_18,12229137902749,True,20.8,0.1441,0.0809,0.1247,0.0292,cruise
data,segment_18,12230141585167,True,21.4,0.1383,0.087,0.0944,0.0231,cruise
data,segment_18,12231143370686,True,21.9,0.1081,0.0197,0.0619,0.0207,cruise
data,segment_18,12232144510726,True,22.2,0.0507,-0.0936,0.084,0.0252,cruise
data,segment_18,12233135606991,True,22.3,0.0226,-0.1321,0.1016,0.0418,lead0
data,segment_18,12234137558167,True,22.2,-0.0326,-0.1321,0.1108,0.0402,lead0
data,segment_18,12235141872507,True,22.1,-0.0095,-0.1321,0.0718,0.0299,cruise
data,segment_18,12236142546579,True,22.1,0.0663,-0.0473,0.0608,0.0295,cruise
data,segment_18,12237137973775,True,22.4,0.0858,0.0143,0.0789,0.0203,cruise
data,segment_18,12238136880881,True,22.7,0.0678,-0.1286,0.107,0.0224,cruise
data,segment_18,12239135987813,True,22.8,0.0046,-0.1286,0.1268,0.031,cruise
data,segment_18,12240136400224,True,22.7,-0.0485,-0.2523,0.1492,0.0429,e2e
data,segment_18,12241136408856,True,22.4,-0.162,-0.2561,0.151,0.0448,e2e
data,segment_18,12242136541592,True,21.7,-0.162,-0.2561,0.1543,0.0274,e2e
data,segment_18,12243136816553,True,21.2,-0.08,-0.2561,0.0616,0.0259,e2e
data,segment_18,12244135466989,True,21.2,-0.0002,-0.1605,0.0589,0.0228,e2e
data,segment_18,12245139020776,True,21.3,0.0933,-0.0123,0.0754,0.028,e2e
data,segment_18,12246141096486,True,21.7,0.1239,0.0415,0.086,0.0303,cruise
data,segment_18,12247140996614,True,22.3,0.1231,0.0425,0.0832,0.0382,cruise
data,segment_18,12248134252512,True,22.7,0.0935,-0.0186,0.0658,0.0371,cruise
data,segment_18,12249135544150,True,22.8,0.019,-0.0446,0.0617,0.0207,cruise
data,segment_18,12250137726971,True,22.8,0.0039,-0.0446,0.0644,0.017,cruise
data,segment_18,12251140800664,True,22.8,-0.0009,-0.086,0.0993,0.0177,cruise
data,segment_18,12252135745333,True,22.8,0.0052,-0.086,0.1022,0.0221,cruise
data,segment_18,12253139329294,True,22.8,0.0339,-0.086,0.1037,0.0342,cruise
data,segment_18,12254141938994,True,23.0,0.0334,-0.0527,0.07,0.0421,cruise
data,segment_18,12255143728696,True,23.1,-0.0088,-0.1304,0.0676,0.0586,cruise
data,segment_18,12256134777208,True,22.9,-0.0458,-0.1304,0.0965,0.0713,cruise
data,segment_18,12257136068340,True,22.6,-0.0435,-0.1304,0.0994,0.0447,cruise
data,segment_18,12258140387278,True,22.6,0.0023,-0.1102,0.0941,0.032,cruise
data,segment_18,12259142902326,True,22.7,0.0262,-0.0258,0.0803,0.0269,cruise
data,segment_18,12260143275590,True,22.8,0.0262,-0.015,0.101,0.0181,cruise
data,segment_19,12263150995831,True,23.1,0.0096,-0.0727,0.106,0.0218,cruise
data,segment_19,12264155680704,True,23.1,0.0004,-0.0727,0.098,0.0438,cruise
data,segment_19,12265158549966,True,23.0,-0.0415,-0.0933,0.1176,0.0635,e2e
data,segment_19,12266152241989,True,22.9,-0.0279,-0.0933,0.0987,0.055,e2e
data,segment_19,12267152948368,True,22.8,-0.0409,-0.1154,0.098,0.0458,cruise
data,segment_19,12268157795603,True,22.7,-0.0439,-0.1154,0.0733,0.0554,cruise
data,segment_19,12269158335106,True,22.4,-0.0662,-0.1154,0.0925,0.0722,cruise
data,segment_19,12270158188140,True,22.2,-0.0481,-0.1095,0.0806,0.0556,cruise
data,segment_19,12271160541308,True,22.2,0.0255,-0.1048,0.0778,0.0249,cruise
data,segment_19,12272158472013,True,22.3,0.059,-0.0071,0.1341,0.0221,cruise
data,segment_19,12273151192390,True,22.8,0.0521,-0.0228,0.1413,0.0248,cruise
data,segment_19,12274151896381,True,22.9,0.0441,-0.0228,0.1291,0.0322,cruise
data,segment_19,12275151472996,True,23.0,0.0249,-0.0568,0.1111,0.0262,cruise
data,segment_19,12276153013427,True,23.1,0.0108,-0.1396,0.1016,0.0502,e2e
data,segment_19,12277153438772,True,23.1,-0.0375,-0.1396,0.1308,0.0255,e2e
data,segment_19,12278155824861,True,22.8,-0.0551,-0.1396,0.1273,0.0368,e2e
data,segment_19,12279157342514,True,22.7,-0.0488,-0.136,0.127,0.0295,e2e
data,segment_19,12280158287646,True,22.6,-0.0593,-0.2019,0.104,0.0578,e2e
data,segment_19,12281158079412,True,22.4,-0.0913,-0.2825,0.1202,0.0426,e2e
data,segment_19,12282158804180,True,21.7,-0.2193,-0.2825,0.1112,0.0295,e2e
data,segment_19,12283160576943,True,20.9,-0.2513,-0.354,0.1013,0.021,e2e
data,segment_19,12284158038117,True,20.0,-0.234,-0.354,0.1831,0.0232,e2e
data,segment_19,12285153977458,True,19.0,-0.1473,-0.354,0.2045,0.0339,e2e
data,segment_19,12286153587063,True,18.8,-0.0766,-0.3375,0.2284,0.0585,e2e
data,segment_19,12287151446988,True,18.8,0.1285,-0.1639,0.223,0.0441,e2e
data,segment_19,12288157453854,True,19.3,0.2341,-0.1393,0.1874,0.0419,cruise
data,segment_19,12289152558168,True,20.1,0.2571,0.1753,0.0977,0.032,cruise
data,segment_19,12290158876196,True,21.1,0.2236,0.1256,0.0748,0.036,cruise
data,segment_19,12291158477013,True,21.8,0.1628,0.0784,0.0525,0.023,cruise
data,segment_19,12292159910147,True,22.3,0.1088,0.054,0.0547,0.0231,cruise
data,segment_19,12293153783262,True,22.6,0.1002,0.0472,0.0686,0.0248,cruise
data,segment_19,12294156269797,True,22.9,0.102,-0.1086,0.1743,0.0634,cruise
data,segment_19,12295155764703,True,23.2,0.0649,-0.1858,0.2429,0.09,cruise
data,segment_19,12296157378834,True,23.2,0.0268,-0.1858,0.2383,0.0531,cruise
data,segment_19,12297160438535,True,23.2,0.0134,-0.1858,0.1724,0.0407,cruise
data,segment_19,12298151806879,True,23.2,0.0079,-0.111,0.1314,0.0374,cruise
data,segment_19,12299153329636,True,23.2,-0.0399,-0.111,0.1652,0.0464,cruise
data,segment_19,12300154277265,True,23.1,-0.0549,-0.111,0.1773,0.0495,cruise
data,segment_19,12301160231269,True,22.8,-0.0398,-0.106,0.1447,0.0423,cruise
data,segment_19,12302154012227,True,22.8,-0.0016,-0.106,0.1076,0.0292,cruise
data,segment_19,12303156513267,True,22.8,-0.0103,-0.0531,0.0822,0.0265,cruise
data,segment_19,12304160635492,True,22.8,0.0044,-0.0406,0.0976,0.0277,cruise
data,segment_19,12305159122929,True,22.8,0.0155,-0.0406,0.1147,0.0347,cruise
data,segment_19,12306161181160,True,23.1,0.0432,-0.0172,0.1283,0.0358,cruise
data,segment_19,12307151496052,True,23.2,0.032,-0.1921,0.14,0.0375,cruise
data,segment_19,12308154359054,True,23.2,0.0016,-0.1921,0.1922,0.0384,cruise
data,segment_19,12309154834809,True,23.1,-0.0443,-0.1921,0.1843,0.0372,e2e
data,segment_19,12310158369986,True,22.9,-0.0572,-0.1894,0.1794,0.0484,e2e
data,segment_19,12311161492995,True,22.7,-0.0535,-0.1167,0.1683,0.0445,cruise
data,segment_19,12312161093155,True,22.6,-0.0236,-0.1167,0.1663,0.0448,cruise
data,segment_19,12313157808654,True,22.6,-0.0295,-0.0861,0.1084,0.0501,cruise
data,segment_19,12314159423868,True,22.5,-0.0541,-0.1368,0.0864,0.0496,cruise
data,segment_19,12315151525539,True,22.2,-0.0581,-0.1368,0.102,0.0614,e2e
data,segment_19,12316152374430,True,22.0,-0.028,-0.1368,0.0933,0.0351,e2e
data,segment_19,12317151851944,True,21.9,-0.002,-0.0988,0.138,0.0295,e2e
data,segment_19,12318154424502,True,22.0,-0.0333,-0.1971,0.1497,0.03,e2e
data,segment_19,12319155720261,True,21.9,-0.109,-0.4031,0.1974,0.0785,e2e
data,segment_20,12323152232721,True,20.2,-0.1864,-0.5538,0.3604,0.0472,e2e
data,segment_20,12324152237521,True,18.6,-0.3702,-0.7983,0.3986,0.1291,e2e
data,segment_20,12325161589975,True,17.5,-0.5579,-0.9046,0.3743,0.0997,e2e
data,segment_20,12326152389529,True,14.8,-0.6403,-0.9046,0.5032,0.1118,e2e
data,segment_20,12327154116944,True,12.2,-0.43,-0.9046,0.3004,0.0916,e2e
data,segment_20,12328158638174,True,11.9,-0.0332,-0.8322,0.2291,0.0535,e2e
data,segment_20,12329162280909,True,12.0,0.2393,-0.1139,0.1117,0.028,e2e
data,segment_20,12330159118509,True,13.1,0.3146,0.1278,0.1128,0.0234,e2e
data,segment_20,12331161307203,True,14.3,0.3218,-0.0678,0.3394,0.0316,e2e
data,segment_20,12332157451909,True,15.4,0.1172,-0.0753,0.3813,0.0722,e2e
data,segment_20,12333156454905,True,15.5,0.1174,-0.0753,0.3784,0.0757,e2e
data,segment_20,12334156510424,True,15.8,0.1868,-0.0753,0.1559,0.0554,e2e
data,segment_20,12335159198727,True,16.7,0.2008,0.0564,0.1789,0.0458,e2e
data,segment_20,12336159485977,True,17.7,0.1674,-0.0179,0.1849,0.0481,e2e
data,segment_20,12337154291389,True,18.0,0.1031,-0.0179,0.1879,0.0338,e2e
data,segment_20,12338155961599,True,18.2,0.0486,-0.0179,0.1534,0.0361,e2e
data,segment_20,12339157554979,True,18.4,0.0321,-0.1231,0.1286,0.0775,e2e
data,segment_20,12340158318609,True,18.4,-0.0479,-0.3411,0.1248,0.0826,e2e
data,segment_20,12341160239288,True,17.9,-0.2448,-0.3929,0.2455,0.0372,lead0
data,segment_20,12342161965018,True,16.7,-0.2448,-0.3929,0.2925,0.0334,cruise
data,segment_20,12343152893734,True,16.7,0.0288,-0.3929,0.3232,0.0347,cruise
data,segment_20,12344156456404,True,17.0,0.0288,-0.111,0.3043,0.0797,e2e
data,segment_20,12345158248396,True,17.0,-0.0586,-0.1568,0.225,0.0724,e2e
data,segment_20,12346158659319,True,16.9,-0.0586,-0.1568,0.1693,0.0786,e2e
data,segment_20,12347159877522,True,16.9,0.1078,-0.1568,0.2161,0.0673,e2e
data,segment_20,12348162526608,True,17.6,0.2212,-0.007,0.2371,0.0706,e2e
data,segment_20,12349161601486,True,18.4,0.2879,-0.007,0.2771,0.0686,cruise
data,segment_20,12350152436993,True,19.7,0.2741,-0.214,0.2568,0.0773,e2e
data,segment_20,12351153199809,True,19.9,-0.048,-0.5544,0.0895,0.0727,e2e
data,segment_20,12352155168367,True,19.5,-0.3587,-0.6241,0.3833,0.0687,e2e
data,segment_20,12353154269077,True,17.6,-0.3587,-0.6241,0.4288,0.0616,e2e
data,segment_20,12354155787847,True,17.2,0.0324,-0.6241,0.2985,0.0647,e2e
data,segment_20,12355156284221,True,17.6,0.3521,-0.2498,0.2849,0.0746,cruise
data,segment_20,12356157490693,True,19.0,0.3481,0.1727,0.1528,0.0575,e2e
data,segment_20,12357158318895,True,20.1,0.2414,0.1719,0.0885,0.0221,e2e
data,segment_20,12358160787446,True,20.9,0.2238,0.1011,0.0862,0.0145,e2e
data,segment_20,12359153617858,True,21.7,0.1698,0.0974,0.0848,0.0207,cruise
data,segment_20,12360154563355,True,22.2,0.133,-0.0306,0.1247,0.0344,cruise
data,segment_20,12361154518642,True,22.6,0.1034,-0.0306,0.1266,0.0478,cruise
data,segment_20,12362154964144,True,22.8,0.0647,-0.0593,0.1281,0.0483,cruise
data,segment_20,12363158197317,True,23.1,0.0394,-0.1418,0.1091,0.0391,cruise
data,segment_20,12364159432585,True,23.1,-0.0379,-0.1692,0.1233,0.0444,cruise
data,segment_20,12365159055755,True,22.8,-0.0864,-0.2112,0.1217,0.0487,e2e
data,segment_20,12366159527971,True,22.5,-0.1393,-0.2884,0.112,0.0242,e2e
data,segment_20,12367160685597,True,21.9,-0.1642,-0.2884,0.1758,0.0194,e2e
data,segment_20,12368161788786,True,21.2,-0.0703,-0.2884,0.1499,0.0167,e2e
data,segment_20,12369162097690,True,21.2,0.0381,-0.224,0.1338,0.0237,e2e
data,segment_20,12370160793245,True,21.4,0.0688,0.0153,0.0752,0.0176,cruise
data,segment_20,12371154646492,True,21.7,0.0908,0.0197,0.072,0.0187,e2e
data,segment_20,12372158126710,True,22.1,0.1022,0.0405,0.0678,0.019,cruise
data,segment_20,12373152849768,True,22.4,0.0831,-0.1435,0.0937,0.0303,cruise
data,segment_20,12374152649985,True,22.4,-0.059,-0.1547,0.0843,0.0302,e2e
data,segment_20,12375156551174,True,22.1,-0.0972,-0.1547,0.119,0.0325,e2e
data,segment_20,12376157754136,True,21.8,-0.0937,-0.1808,0.1373,0.0309,e2e
data,segment_20,12377158625543,True,21.7,-0.0027,-0.1808,0.1545,0.0416,e2e
data,segment_20,12378158482989,True,21.7,-0.0032,-0.1808,0.1524,0.0586,e2e
data,segment_20,12379159834230,True,21.6,-0.0528,-0.1091,0.0679,0.0666,e2e
data,segment_21,12383126627656,True,19.6,-0.2602,-0.4091,0.3002,0.0265,e2e
data,segment_21,12384130734425,True,19.0,-0.0304,-0.4091,0.2868,0.0253,e2e
data,segment_21,12385133847545,True,18.9,-0.0302,-0.3087,0.2847,0.0415,e2e
data,segment_21,12386129390194,True,18.9,0.0226,-0.1646,0.2132,0.0455,e2e
data,segment_21,12387134339312,True,19.0,0.0807,-0.1646,0.1494,0.0339,e2e
data,segment_21,12388126635782,True,19.4,0.1902,-0.1264,0.1224,0.0181,e2e
data,segment_21,12389137037387,True,20.1,0.1938,-0.0596,0.1555,0.0267,e2e
data,segment_21,12390127158912,True,20.5,0.0142,-0.1377,0.1348,0.0269,e2e
data,segment_21,12391128481271,True,20.5,-0.0623,-0.1377,0.1413,0.0289,e2e
data,segment_21,12392130635124,True,20.2,-0.0967,-0.3,0.2245,0.0342,e2e
data,segment_21,12393129995023,True,19.7,-0.0925,-0.3,0.2556,0.0346,e2e
data,segment_21,12394134847631,True,19.7,0.0348,-0.3,0.2656,0.0487,e2e
data,segment_21,12395127294864,True,20.0,0.18,-0.0414,0.1691,0.0602,cruise
data,segment_21,12396128845671,True,20.8,0.2044,0.0874,0.1438,0.066,cruise
data,segment_21,12397132224991,True,21.6,0.1926,-0.0751,0.1109,0.0671,e2e
data,segment_21,12398134066058,True,21.9,0.1012,-0.0751,0.25,0.0608,e2e
data,segment_21,12399136559464,True,22.0,0.002,-0.1191,0.2991,0.054,e2e
data,segment_21,12400128376184,True,22.2,0.0525,-0.1191,0.2894,0.048,cruise
data,segment_21,12401131818976,True,22.3,0.0437,-0.1191,0.1985,0.0165,cruise
data,segment_21,12402126674794,True,22.5,0.0382,-0.1524,0.1048,0.0164,cruise
data,segment_21,12403129981103,True,22.5,-0.081,-0.198,0.0635,0.0186,e2e
data,segment_21,12404133783197,True,22.0,-0.1314,-0.2051,0.1511,0.0313,e2e
data,segment_21,12405128340910,True,21.5,-0.0914,-0.2051,0.1452,0.0246,cruise
data,segment_21,12406126862211,True,21.5,0.0164,-0.2051,0.1425,0.0206,cruise
data,segment_21,12407127362119,True,21.6,0.0174,-0.1096,0.1184,0.0232,cruise
data,segment_21,12408128845439,True,21.6,-0.0414,-0.1449,0.0939,0.0388,e2e
data,segment_21,12409131722559,True,21.3,-0.1017,-0.5809,0.2516,0.056,e2e
data,segment_21,12410133931320,True,20.7,-0.1421,-0.5809,0.3928,0.0601,e2e
data,segment_21,12411135666342,True,19.2,-0.1342,-0.5809,0.3886,0.0723,e2e
data,segment_21,12412128344157,True,18.9,-0.0904,-0.459,0.2453,0.042,e2e
data,segment_21,12413129599540,True,18.6,-0.0771,-0.1677,0.1171,0.0535,e2e
data,segment_21,12414128322252,True,18.4,-0.0589,-0.2639,0.3035,0.0708,e2e
data,segment_21,12415130381144,True,18.4,0.0616,-0.2639,0.3163,0.0761,e2e
data,segment_21,12416133206793,True,18.9,0.2503,-0.2639,0.3291,0.051,cruise
data,segment_21,12417133346135,True,19.9,0.2403,0.1278,0.1424,0.0346,cruise
data,segment_21,12418133603420,True,20.6,0.2201,0.1286,0.1118,0.0437,cruise
data,segment_21,12419127205948,True,21.4,0.2022,0.102,0.069,0.0429,cruise
data,segment_21,12420137200402,True,22.1,0.15,0.0229,0.0468,0.0333,cruise
data,segment_21,12421130493589,True,22.5,0.0831,-0.0235,0.0803,0.0246,cruise
data,segment_21,12422132956914,True,22.7,0.0524,-0.0235,0.0952,0.0293,cruise
data,segment_21,12423134838540,True,22.8,0.0386,-0.0235,0.0894,0.0315,cruise
data,segment_21,12424127915124,True,23.0,0.0365,-0.0185,0.076,0.0316,cruise
data,segment_21,12425130697334,True,23.1,0.0251,-0.0709,0.0693,0.0268,cruise
data,segment_21,12426129258487,True,23.1,0.012,-0.0856,0.0756,0.0311,cruise
data,segment_21,12427128967727,True,23.1,-0.0227,-0.0856,0.0711,0.0352,cruise
data,segment_21,12428130082018,True,23.0,-0.0266,-0.0856,0.0778,0.0311,cruise
data,segment_21,12429131026977,True,22.9,-0.0132,-0.0856,0.0781,0.0271,cruise
data,segment_21,12430132547872,True,22.9,-0.0011,-0.0824,0.0807,0.0289,cruise
data,segment_21,12431134637776,True,22.9,-0.0095,-0.0983,0.0753,0.0407,cruise
data,segment_21,12432135730484,True,22.8,-0.0295,-0.0983,0.0842,0.039,cruise
data,segment_21,12433127890602,True,22.7,-0.0109,-0.0983,0.0715,0.0287,cruise
data,segment_21,12434133664232,True,22.7,0.0308,-0.0596,0.045,0.0207,cruise
data,segment_21,12435127227870,True,22.8,0.0393,0.0105,0.0471,0.0217,cruise
data,segment_21,12436127982190,True,22.9,0.0538,0.0204,0.05,0.0398,cruise
data,segment_21,12437128156215,True,23.2,0.0648,0.025,0.0492,0.0591,cruise
data,segment_21,12438131756831,True,23.4,0.0612,-0.0267,0.0594,0.0632,cruise
data,segment_21,12439133263027,True,23.5,0.0177,-0.1065,0.0799,0.0619,cruise
data,segment_22,12443130112404,True,22.8,-0.0344,-0.0881,0.0791,0.0165,e2e
data,segment_22,12444133895707,True,22.8,-0.0126,-0.0881,0.0726,0.0202,e2e
data,segment_22,12445135899308,True,22.8,-0.0132,-0.0919,0.0543,0.0277,cruise
data,segment_22,12446135838070,True,22.7,-0.0467,-0.0942,0.1071,0.0324,cruise
data,segment_22,12447137472645,True,22.4,-0.0774,-0.2235,0.1429,0.0534,e2e
data,segment_22,12448139922932,True,22.1,-0.1255,-0.2235,0.1678,0.0306,e2e
data,segment_22,12449131305027,True,21.5,-0.1228,-0.2235,0.1464,0.0234,e2e
data,segment_22,12450133666790,True,21.5,0.0339,-0.183,0.1025,0.0194,cruise
data,segment_22,12451134391238,True,21.7,0.0554,-0.0351,0.1025,0.021,cruise
data,segment_22,12452138617534,True,21.9,0.0554,0.0094,0.082,0.0287,cruise
data,segment_22,12453139764468,True,22.1,0.0745,0.0169,0.0873,0.0365,cruise
data,segment_22,12454132830472,True,22.4,0.0848,0.0192,0.0768,0.0402,cruise
data,segment_22,12455134749194,True,22.7,0.094,0.0446,0.069,0.0469,cruise
data,segment_22,12456140514066,True,23.0,0.0751,-0.0607,0.0915,0.0445,cruise
data,segment_22,12457130263962,True,23.2,0.0504,-0.0607,0.1035,0.0399,cruise
data,segment_22,12458131290022,True,23.3,-0.0006,-0.4998,0.3432,0.0441,cruise
data,segment_22,12459132407566,True,23.2,-0.0685,-0.4998,0.43,0.0536,cruise
data,segment_22,12460132245429,True,21.9,-0.1285,-0.4998,0.438,0.0904,cruise
data,segment_22,12461133072690,True,21.5,-0.2122,-0.4798,0.2373,0.0581,e2e
data,segment_22,12462137193583,True,21.0,-0.1913,-0.2375,0.129,0.0473,e2e
data,segment_22,12463142216797,True,20.2,-0.2053,-0.2575,0.1078,0.0302,cruise
data,segment_22,12464131417779,True,19.5,-0.1771,-0.2575,0.0977,0.0464,cruise
data,segment_22,12465131608173,True,19.0,-0.0976,-0.2575,0.1494,0.0605,e2e
data,segment_22,12469135589189,False,14.7,-0.4264,-0.9346,0.4224,0.717,cruise
data,segment_22,12470136907900,False,13.8,-0.2984,-0.8179,0.3716,0.4601,cruise
data,segment_22,12471140380521,False,13.8,0.395,-0.4306,0.3214,0.2065,cruise
data,segment_22,12472131729693,False,15.1,0.5518,-0.1357,0.3026,0.2068,cruise
data,segment_22,12473132688258,False,17.6,0.7625,0.4815,0.127,0.3926,cruise
data,segment_22,12474134645283,False,20.6,0.8075,0.6335,0.2123,0.6094,cruise
data,segment_22,12475135761400,False,23.6,0.7791,0.252,0.2245,0.6098,cruise
data,segment_22,12476136160091,False,25.8,0.3786,0.1713,0.2065,0.472,cruise
data,segment_22,12477138880079,False,26.7,0.2508,0.1385,0.2439,0.4387,e2e
data,segment_22,12478138961195,False,27.3,0.2029,-0.1124,0.2756,0.4215,e2e
data,segment_22,12479130583791,False,28.2,0.1524,-0.1124,0.2964,0.384,cruise
data,segment_22,12480132351064,False,28.5,0.0813,-0.1124,0.2883,0.3348,cruise
data,segment_22,12481133177746,False,28.9,0.0969,-0.0618,0.2275,0.3621,cruise
data,segment_22,12482136155422,False,29.0,0.1164,-0.0618,0.2669,0.3847,cruise
data,segment_22,12483132580869,False,29.5,0.0406,-0.2495,0.2846,0.3315,cruise
data,segment_22,12484137770192,False,29.5,-0.0723,-0.376,0.2753,0.2128,cruise
data,segment_22,12485139891761,False,28.9,-0.1284,-0.376,0.237,0.1511,cruise
data,segment_22,12486130974287,False,28.6,-0.1102,-0.376,0.1896,0.1564,cruise
data,segment_22,12487132858015,False,28.3,-0.0727,-0.1621,0.1242,0.1759,cruise
data,segment_22,12488134472049,False,28.3,0.08,-0.1483,0.1608,0.3436,cruise
data,segment_22,12489132260771,False,28.9,0.0854,-0.0117,0.1331,0.3632,cruise
data,segment_22,12490134286819,False,29.0,0.0419,-0.0657,0.1225,0.3406,cruise
data,segment_22,12491135948440,False,29.0,-0.0216,-0.1193,0.1168,0.2625,lead0
data,segment_22,12492136625722,False,29.0,-0.0393,-0.1193,0.1636,0.233,lead0
data,segment_22,12493136079307,False,29.0,0.029,-0.1193,0.1252,0.2937,lead0
data,segment_22,12494137204435,False,29.2,0.0863,-0.0896,0.1476,0.3751,e2e
data,segment_22,12495138965127,False,29.5,0.0658,-0.1486,0.1413,0.3914,e2e
data,segment_22,12496130952425,False,29.5,0.0058,-0.1486,0.1493,0.4439,e2e
data,segment_22,12497132513396,False,29.5,-0.0534,-0.2323,0.138,0.4256,e2e
data,segment_22,12498133466101,False,29.1,-0.1553,-0.2674,0.1099,0.3557,e2e
data,segment_22,12499134238896,False,28.4,-0.2343,-0.5657,0.1524,0.3039,e2e
data,segment_23,12503128690422,False,21.5,-0.4226,-0.8016,0.4424,0.2579,e2e
data,segment_23,12507131972248,True,22.5,0.1739,0.0395,0.2278,0.0901,cruise
data,segment_23,12508133155334,True,22.9,0.1016,-0.0114,0.1904,0.0422,cruise
data,segment_23,12509134713582,True,23.3,0.0355,-0.1322,0.2302,0.0441,cruise
data,segment_23,12510134166047,True,23.3,0.0056,-0.3114,0.3968,0.0739,cruise
data,segment_23,12511135272817,True,23.3,-0.0097,-0.3114,0.3895,0.0695,cruise
data,segment_23,12512135576174,True,23.3,0.0017,-0.3114,0.352,0.0484,cruise
data,segment_23,12513135812481,True,23.3,-0.0427,-0.1285,0.1322,0.0412,cruise
data,segment_23,12514128859348,True,23.1,-0.0645,-0.1285,0.1283,0.0499,cruise
data,segment_23,12515132987355,True,22.8,-0.0525,-0.1285,0.0881,0.0341,cruise
data,segment_23,12516132667112,True,22.7,-0.0137,-0.1226,0.1011,0.0265,cruise
data,segment_23,12517130852612,True,22.7,0.0004,-0.0602,0.0782,0.0138,cruise
data,segment_23,12518135745398,True,22.7,0.007,-0.0602,0.0793,0.02,cruise
data,segment_23,12519136171342,True,22.7,0.0101,-0.0533,0.063,0.0129,cruise
data,segment_23,12520129092239,True,22.8,0.0174,-0.0295,0.0534,0.0182,cruise
data,segment_23,12521132770963,True,22.8,0.0209,-0.0161,0.077,0.0241,cruise
data,segment_23,12522133691025,True,22.9,0.0173,-0.062,0.0759,0.0286,cruise
data,segment_23,12523135769692,True,22.9,-0.0056,-0.0992,0.0907,0.0429,cruise
data,segment_23,12524131109151,True,22.9,-0.016,-0.0992,0.0751,0.0377,cruise
data,segment_23,12525133436088,True,22.8,-0.037,-0.0992,0.0746,0.0546,cruise
data,segment_23,12526133576725,True,22.7,-0.042,-0.5266,0.5872,0.058,cruise
data,segment_23,12527136842308,True,22.5,-0.0568,-0.8356,0.8,0.0887,cruise
data,segment_23,12528128842596,True,22.4,0.0791,-0.8356,0.8041,0.107,cruise
data,segment_23,12529129857847,True,22.4,0.0661,-0.8356,0.6781,0.1441,cruise
data,segment_23,12530129854383,True,22.4,0.0083,-1.7614,0.6295,0.1481,cruise
data,segment_23,12531130670169,True,21.0,-1.1155,-2.0709,0.7596,0.1564,lead0
data,segment_23,12532133351238,True,14.8,-1.3977,-2.0709,1.0751,0.1214,lead0
data,segment_23,12539129108758,True,16.5,0.9432,0.5056,0.136,0.0319,cruise
data,segment_23,12540130204358,True,19.6,0.6939,0.3235,0.0945,0.0354,cruise
data,segment_23,12541133707082,True,21.4,0.409,0.1564,0.1204,0.0462,cruise
data,segment_23,12542136857146,True,22.5,0.2154,0.0139,0.1103,0.0346,cruise
data,segment_23,12543132211967,True,23.0,0.0591,-0.0206,0.1199,0.0435,cruise
data,segment_23,12544132144878,True,23.1,0.0334,-0.0719,0.1102,0.0343,cruise
data,segment_23,12545133166293,True,23.2,-0.014,-0.1217,0.0798,0.0334,cruise
data,segment_23,12546135256787,True,23.1,-0.0319,-0.1313,0.1054,0.0273,cruise
data,segment_23,12547132578213,True,22.9,-0.0217,-0.1313,0.0996,0.0278,cruise
data,segment_23,12548132496908,True,22.9,-0.0021,-0.1313,0.1007,0.0312,cruise
data,segment_23,12549134333018,True,22.9,0.0004,-0.081,0.0974,0.0276,cruise
data,segment_23,12550134764341,True,22.9,-0.0127,-0.081,0.0976,0.0264,cruise
data,segment_23,12551135648216,True,22.8,-0.0118,-0.081,0.0921,0.0224,cruise
data,segment_23,12552135437181,True,22.8,-0.0118,-0.0659,0.0464,0.0195,cruise
data,segment_23,12553131368117,True,22.8,-0.0053,-0.0367,0.0387,0.0158,cruise
data,segment_23,12554133415545,True,22.8,-0.0099,-0.0665,0.0939,0.0212,cruise
data,segment_23,12555133885122,True,22.8,-0.0025,-0.0665,0.1061,0.0277,cruise
data,segment_23,12556135465495,True,22.8,0.0167,-0.0665,0.1165,0.029,cruise
data,segment_23,12557129079223,True,22.9,0.0241,-0.0493,0.1072,0.0277,cruise
data,segment_23,12558129294728,True,23.0,0.0412,-0.0493,0.1094,0.0288,cruise
data,segment_23,12559129643480,True,23.2,0.0784,-0.0345,0.1302,0.0354,cruise
data,segment_24,12563119106734,True,24.7,-0.0442,-0.6783,0.4698,0.0572,e2e
data,segment_24,12564121382066,True,24.5,-0.1046,-1.8199,0.7497,0.0585,e2e
data,segment_24,12565125789903,True,21.8,-1.0276,-1.8199,1.1877,0.073,lead0
data,segment_24,12566126577717,True,15.9,-1.0276,-1.8199,1.1287,0.1048,lead0
data,segment_24,12567129050874,True,15.0,0.0566,-1.6951,0.5238,0.1042,cruise
data,segment_24,12568121950188,True,15.4,0.5499,-0.403,0.3777,0.0634,cruise
data,segment_24,12569126622124,True,17.6,0.7017,0.3877,0.2075,0.0667,cruise
data,segment_24,12570125895753,True,20.4,0.7017,0.2686,0.2612,0.0658,cruise
data,segment_24,12571128158245,True,22.8,0.5586,0.1221,0.1754,0.0734,cruise
data,segment_24,12572128214380,True,24.0,0.171,-0.08,0.1828,0.0499,cruise
data,segment_24,12573128395324,True,24.2,0.0963,-0.0993,0.151,0.043,lead0
data,segment_24,12574119298863,True,24.3,-0.047,-0.2345,0.2142,0.0527,cruise
data,segment_24,12575120274864,True,24.2,-0.0321,-0.2345,0.2292,0.0526,cruise
data,segment_24,12576121098972,True,24.2,0.0981,-0.2345,0.2271,0.0645,cruise
data,segment_24,12577127355030,True,24.5,0.1046,-0.1893,0.1809,0.0501,cruise
data,segment_24,12578126495587,True,24.9,0.0702,-0.0358,0.0618,0.0368,cruise
data,segment_24,12579128241540,True,25.0,0.0159,-0.0358,0.0715,0.0215,cruise
data,segment_24,12580122639819,True,25.0,0.0159,-0.0358,0.0598,0.0279,cruise
data,segment_24,12581126598559,True,25.1,0.025,-0.0891,0.1058,0.0321,cruise
data,segment_24,12582119652069,True,25.2,0.0222,-0.0891,0.1177,0.0363,cruise
data,segment_24,12583126324712,True,25.2,0.0215,-0.0891,0.1126,0.038,cruise
data,segment_24,12584119348325,True,25.2,0.0023,-0.0919,0.0892,0.04,cruise
data,segment_24,12585122312170,True,25.2,-0.0082,-0.0984,0.0924,0.0401,cruise
data,segment_24,12586124167562,True,25.0,-0.0314,-0.0984,0.0913,0.0276,cruise
data,segment_24,12587126389885,True,25.0,-0.0219,-0.0984,0.163,0.0276,cruise
data,segment_24,12588119115957,True,25.0,0.0207,-0.0613,0.1607,0.0285,cruise
data,segment_24,12589121821999,True,25.5,0.2125,-0.0613,0.1909,0.0362,cruise
data,segment_24,12590124459215,True,26.6,0.2122,0.1451,0.1175,0.0267,e2e
data,segment_24,12591130580215,True,27.3,0.1922,0.1387,0.0843,0.0165,e2e
data,segment_24,12592125305228,True,28.0,0.1675,0.1157,0.0869,0.0243,e2e
data,segment_24,12593125718791,True,28.5,0.1438,-0.0299,0.1169,0.0283,e2e
data,segment_24,12594127570735,True,28.9,0.0396,-0.0472,0.1171,0.0282,e2e
data,segment_24,12595129147458,True,29.0,0.0023,-0.1261,0.1073,0.0198,e2e
data,segment_24,12596119346681,True,28.9,-0.037,-0.2929,0.1863,0.0307,e2e
data,segment_24,12600128892945,False,21.2,-0.5874,-1.1417,0.5973,0.363,e2e
data,segment_24,12601122970451,False,20.3,-0.5877,-0.9153,0.6,0.369,e2e
data,segment_24,12602123701038,False,18.1,-0.674,-0.9155,0.5649,0.3427,e2e
data,segment_24,12603124675227,False,14.9,-0.6414,-0.9155,0.4704,0.4007,e2e
data,segment_24,12604125482003,False,14.3,-0.1626,-0.9155,0.3833,0.2569,e2e
data,segment_24,12605125874399,False,14.3,0.3788,-0.2338,0.383,0.2205,e2e
data,segment_24,12609127582183,True,20.8,0.8448,0.1342,0.5184,0.0557,cruise
data,segment_24,12610127683517,True,24.0,0.8084,0.4883,0.1853,0.0566,cruise
data,segment_24,12611127015960,True,26.5,0.5885,0.3047,0.1326,0.066,cruise
data,segment_24,12612127475029,True,28.4,0.4451,0.128,0.0822,0.059,cruise
data,segment_24,12613128774907,True,29.5,0.2372,0.043,0.0733,0.0481,cruise
data,segment_24,12614120312552,True,30.0,0.0821,-0.0187,0.0731,0.0235,cruise
data,segment_24,12615121167086,True,30.1,0.0293,-0.0236,0.0796,0.0244,cruise
data,segment_24,12616121117631,True,30.2,0.0134,-0.0661,0.0932,0.0268,cruise
data,segment_24,12617124806476,True,30.2,0.0102,-0.0814,0.1024,0.0374,cruise
data,segment_24,12618125563168,True,30.2,-0.0425,-0.0931,0.1176,0.0427,cruise
data,segment_24,12619129083632,True,30.1,-0.0158,-0.0931,0.145,0.0422,cruise
data,segment_25,12623129210943,True,31.5,0.0735,-0.0373,0.1185,0.0365,e2e
data,segment_25,12624129252710,True,31.6,0.01,-0.1074,0.1086,0.0318,e2e
data,segment_25,12625133653836,True,31.6,-0.0407,-0.1524,0.1049,0.0418,e2e
data,segment_25,12626134534195,True,31.3,-0.1089,-0.4227,0.1475,0.0436,e2e
data,segment_25,12627137136876,True,30.6,-0.391,-0.567,0.1818,0.058,e2e
data,segment_25,12628138417675,True,29.0,-0.4133,-0.567,0.2143,0.043,e2e
data,segment_25,12629132252356,True,27.3,-0.4528,-0.5794,0.1689,0.078,e2e
data,segment_25,12630137278353,True,25.9,-0.4668,-0.7697,0.1864,0.0264,e2e
data,segment_25,12631131408480,True,24.0,-0.6352,-0.7734,0.1492,0.0256,e2e
data,segment_25,12632133745456,True,21.4,-0.7423,-1.0692,0.2014,0.0247,e2e
data,segment_25,12633135074647,True,18.6,-0.8337,-1.1016,0.2814,0.0322,e2e
data,segment_25,12634129493575,True,15.0,-0.8513,-1.1016,0.3959,0.0554,e2e
data,segment_25,12635132655780,True,11.9,-0.4821,-1.1016,0.3107,0.12,e2e
data,segment_25,12636137638009,True,11.3,-0.1848,-0.8604,0.3506,0.1641,e2e
data,segment_25,12637129291742,True,11.7,0.9215,-0.3749,0.4765,0.1139,e2e
data,segment_25,12638130743955,True,16.2,1.283,0.2586,0.5279,0.0336,cruise
data,segment_25,12639131119949,True,21.0,1.2808,1.0756,0.1163,0.0276,cruise
data,segment_25,12640130546071,True,25.5,1.2078,0.6849,0.1646,0.0331,cruise
data,segment_25,12641131643318,True,29.5,0.935,0.3252,0.2185,0.0351,e2e
data,segment_25,12642137002171,True,31.9,0.3754,0.1912,0.2217,0.055,e2e
data,segment_25,12643138539126,True,33.1,0.3017,0.0967,0.2173,0.0363,e2e
data,segment_25,12644132357580,True,33.9,0.1466,0.0794,0.0893,0.0309,e2e
data,segment_25,12645134110765,True,34.3,0.1201,0.0794,0.0671,0.0256,e2e
data,segment_25,12646136049274,True,34.7,0.1161,0.066,0.0589,0.0253,e2e
data,segment_25,12647135939744,True,35.2,0.1064,0.0259,0.0694,0.0267,e2e
data,segment_25,12648137614197,True,35.5,0.0941,-0.0731,0.0887,0.027,e2e
data,segment_25,12649129246163,True,35.7,0.0928,-0.0731,0.1279,0.0307,e2e
data,segment_25,12650133030125,True,36.1,0.0952,-0.0731,0.1924,0.0533,e2e
data,segment_25,12651135511942,True,36.3,0.0947,-0.0517,0.1896,0.0415,e2e
data,segment_25,12652129395669,True,36.7,0.0651,-0.0517,0.2184,0.041,e2e
data,segment_25,12653130094088,True,36.8,0.1186,-0.0351,0.1741,0.0225,e2e
data,segment_25,12654130143451,True,37.5,0.1664,-0.0351,0.1657,0.0214,cruise
data,segment_25,12655134125896,True,38.1,0.1625,0.0643,0.1023,0.0217,cruise
data,segment_25,12656135781462,True,38.6,0.1387,0.0138,0.0948,0.0292,cruise
data,segment_25,12657137083371,True,39.1,0.1063,0.0138,0.1109,0.0373,cruise
data,segment_25,12658137827209,True,39.4,0.0651,-0.0159,0.1075,0.0356,cruise
data,segment_25,12659140232954,True,39.7,0.0484,-0.0159,0.1156,0.0247,cruise
data,segment_25,12660132217949,True,39.8,0.0356,-0.0651,0.1184,0.0243,cruise
data,segment_25,12661132752436,True,39.9,0.0318,-0.0651,0.1043,0.0265,cruise
data,segment_25,12662133360793,True,40.1,0.0271,-0.0651,0.0955,0.0361,cruise
data,segment_25,12663133573361,True,40.1,0.0272,-0.1079,0.1263,0.0392,cruise
data,segment_25,12664137873637,True,40.2,0.017,-0.166,0.1345,0.048,cruise
data,segment_25,12665131014143,True,40.2,-0.0352,-0.166,0.1386,0.0492,e2e
data,segment_25,12666134522424,True,40.1,-0.0797,-0.5617,0.2377,0.0412,e2e
data,segment_25,12667136311967,True,39.6,-0.3309,-0.9515,0.2015,0.0463,e2e
data,segment_25,12668136527818,True,37.6,-0.7701,-1.1824,0.2581,0.0615,e2e
data,segment_25,12669136262310,True,33.9,-1.006,-1.1824,0.2455,0.0673,e2e
data,segment_25,12670137753548,True,30.3,-1.107,-1.8074,0.3255,0.0583,e2e
data,segment_25,12671139383549,True,26.0,-1.4183,-1.856,0.3645,0.0326,e2e
data,segment_25,12672139134093,True,19.7,-1.5914,-1.856,0.4803,0.0458,e2e
data,segment_25,12673132666567,True,13.8,-1.3962,-1.856,0.2047,0.1149,e2e
data,segment_25,12678134238970,True,15.4,1.3301,0.9797,0.2314,0.053,e2e
data,segment_25,12679134473174,True,20.4,1.3467,1.0561,0.2375,0.0493,e2e
data,segment_26,12683127317726,True,35.1,0.5797,0.2303,0.1474,0.0362,cruise
data,segment_26,12684128902843,True,36.9,0.3999,0.1393,0.1708,0.0492,cruise
data,segment_26,12685130804889,True,38.0,0.2344,0.1208,0.1576,0.0449,cruise
data,segment_26,12686134860796,True,38.8,0.1499,0.0418,0.1124,0.0322,cruise
data,segment_26,12687131094186,True,39.2,0.1073,-0.0075,0.0615,0.0271,cruise
data,segment_26,12688131984631,True,39.4,0.0574,-0.0075,0.0578,0.0198,cruise
data,segment_26,12689136675303,True,39.6,0.0494,-0.0075,0.0921,0.0195,cruise
data,segment_26,12690129223333,True,39.7,0.0715,0.0086,0.1361,0.0193,cruise
data,segment_26,12691135027733,True,40.3,0.2867,0.0164,0.1699,0.0282,cruise
data,segment_26,12692135955236,True,41.6,0.3099,0.1303,0.1752,0.0274,cruise
data,segment_26,12693131801790,True,42.8,0.2934,0.1802,0.1192,0.0303,cruise
data,segment_26,12694136267784,True,43.8,0.2582,0.099,0.0734,0.0298,cruise
data,segment_26,12695136221077,True,44.5,0.1713,0.0061,0.0748,0.032,cruise
data,segment_26,12696137064186,True,44.9,0.109,0.0061,0.1508,0.0304,cruise
data,segment_26,12697128813078,True,45.1,0.1295,0.0061,0.1546,0.0345,cruise
data,segment_26,12698129289267,True,46.0,0.2764,0.0392,0.1499,0.03,cruise
data,segment_26,12699131226802,True,47.2,0.3009,0.1963,0.1303,0.0278,cruise
data,segment_26,12700136067582,True,48.3,0.2789,0.1017,0.0711,0.0207,cruise
data,segment_26,12701136790275,True,49.2,0.1934,0.0404,0.0746,0.0272,cruise
data,segment_26,12702127373287,True,49.5,0.1041,-1.2409,0.7121,0.0361,cruise
data,segment_26,12703138546486,True,49.5,-0.1038,-1.2409,0.9072,0.0519,cruise
data,segment_26,12704127859190,True,46.7,-0.6938,-1.2409,1.1486,0.0827,cruise
data,segment_26,12705127792422,True,43.6,-0.624,-1.209,0.7337,0.1079,cruise
data,segment_26,12706128746191,True,43.4,0.1683,-1.1382,0.6051,0.059,cruise
data,segment_26,12707129508740,True,44.4,0.577,-0.2248,0.4031,0.0746,cruise
data,segment_26,12708129335786,True,46.6,0.5898,0.3186,0.2248,0.0645,cruise
data,segment_26,12712135274064,False,41.8,-1.6071,-1.9117,0.2267,1.3212,cruise
data,segment_26,12713132274020,False,35.7,-1.7289,-1.927,0.4439,1.3212,cruise
data,segment_26,12714138533695,False,29.0,-1.7289,-1.927,0.4356,1.1024,e2e
data,segment_26,12715130513547,False,24.0,-1.0962,-1.927,0.3681,0.315,e2e
data,segment_26,12716129621308,False,20.2,-1.0059,-1.3863,0.227,0.236,e2e
data,segment_26,12717129884599,False,16.6,-0.9656,-1.0951,0.1451,0.1197,e2e
data,segment_26,12718131220246,False,13.4,-0.949,-1.0923,0.1904,0.0564,e2e
data,segment_27,12787117127626,False,15.1,0.8706,0.7192,0.12,0.0815,cruise
data,segment_27,12788116585665,False,18.1,0.807,0.3908,0.2824,0.1286,cruise
data,segment_27,12789116649783,False,20.5,0.6396,0.3908,0.3045,0.2137,cruise
data,segment_27,12790118292791,False,22.5,0.6311,0.3908,0.2888,0.3395,cruise
data,segment_27,12791121508440,False,24.8,0.6515,0.5824,0.1735,0.2397,cruise
data,segment_27,12792121694476,False,27.2,0.7785,0.6014,0.2122,0.4547,cruise
data,segment_27,12793119539976,False,30.4,1.0584,0.6014,0.2704,0.7045,cruise
data,segment_27,12794123232576,False,35.0,1.3132,0.5082,0.7655,0.7853,cruise
data,segment_27,12798118944003,True,43.6,-0.107,-0.5481,0.1663,0.0538,e2e
data,segment_27,12799118633930,True,42.9,-0.2425,-0.5481,0.3577,0.0602,e2e
data,segment_28,12803119105533,True,43.1,0.3279,0.1114,0.1581,0.0238,e2e
data,segment_28,12804122760539,True,44.7,0.3376,0.165,0.1778,0.0206,e2e
data,segment_28,12805126211560,True,45.7,0.2366,0.1074,0.1434,0.0296,e2e
data,segment_28,12806126242103,True,46.6,0.1979,0.1074,0.1258,0.0298,e2e
data,segment_28,12807119612132,True,47.1,0.1641,0.0794,0.0812,0.036,e2e
data,segment_28,12808119853789,True,47.7,0.1486,0.0778,0.0775,0.0325,e2e
data,segment_28,12809120929012,True,48.2,0.1478,0.0725,0.1072,0.0308,e2e
data,segment_28,12810125434225,True,48.8,0.1466,0.0377,0.1025,0.0358,e2e
data,segment_28,12811127288865,True,49.2,0.1266,0.0085,0.1282,0.0423,e2e
data,segment_28,12812122646576,True,49.6,0.096,-0.0434,0.2017,0.0484,e2e
data,segment_28,12813126910339,True,49.9,0.0962,-0.3201,0.2808,0.0671,e2e
data,segment_28,12814126909345,True,50.5,0.1039,-0.3201,0.36,0.0965,e2e
data,segment_28,12815128644057,True,50.7,0.1812,-0.3201,0.3244,0.0638,e2e
data,segment_28,12816120307183,True,51.4,0.2055,-0.1351,0.2735,0.057,e2e
data,segment_28,12817119830063,True,52.2,0.2759,0.1532,0.1574,0.0439,e2e
data,segment_28,12818120834287,True,53.4,0.3478,0.1677,0.1578,0.0526,e2e
data,segment_28,12819121675306,True,54.7,0.3474,0.2575,0.1063,0.0382,e2e
data,segment_28,12820121834190,True,55.8,0.3182,0.1747,0.1364,0.0459,e2e
data,segment_28,12821123339164,True,56.9,0.2863,-0.0016,0.1837,0.0421,cruise
data,segment_28,12822126374645,True,57.9,0.2589,-0.0016,0.2792,0.0655,cruise
data,segment_28,12823126623519,True,58.8,0.1931,-0.0016,0.2712,0.0472,cruise
data,segment_28,12824126940061,True,59.3,0.1225,0.0256,0.239,0.0286,cruise
data,segment_28,12825128990068,True,59.6,0.0569,-0.1202,0.1161,0.0328,cruise
data,segment_28,12826122928124,True,59.7,-0.0143,-0.1483,0.0905,0.0534,e2e
data,segment_28,12827122947332,True,59.5,-0.0984,-0.1585,0.1041,0.0596,e2e
data,segment_28,12828124139931,True,59.1,-0.0942,-0.1585,0.0837,0.0438,e2e
data,segment_28,12829126978968,True,58.8,-0.0333,-0.1585,0.1205,0.035,cruise
data,segment_28,12830127468094,True,58.8,0.0093,-0.1253,0.1511,0.0434,cruise
data,segment_28,12831127307269,True,58.9,0.0416,-0.1253,0.1457,0.042,cruise
data,segment_28,12832120645292,True,59.1,0.0533,-0.1253,0.1504,0.0459,cruise
data,segment_28,12833125942283,True,59.2,0.0168,-0.4764,0.2504,0.05,cruise
data,segment_28,12834128137421,True,59.1,-0.1335,-0.718,0.2631,0.073,lead1
data,segment_28,12835119740633,True,57.7,-0.5042,-0.7601,0.2851,0.0913,lead1
data,segment_28,12836121910178,True,55.7,-0.6488,-0.7601,0.2331,0.0677,lead1
data,segment_28,12837122438731,True,53.2,-0.6729,-0.788,0.3094,0.0553,lead1
data,segment_28,12838125415555,True,50.6,-0.589,-0.788,0.2849,0.0714,lead1
data,segment_28,12839121361880,True,49.2,-0.2605,-0.788,0.2772,0.0995,lead0
data,segment_28,12840124091091,True,48.4,-0.2208,-0.313,0.2185,0.1112,lead0
data,segment_28,12841125279721,True,47.7,-0.1885,-0.4209,0.2979,0.0744,lead0
data,segment_28,12842126947456,True,47.3,-0.2456,-0.6077,0.3482,0.0635,lead0
data,segment_28,12843127301525,True,45.7,-0.2238,-0.6077,0.3846,0.0509,lead0
data,segment_28,12844122147202,True,44.9,-0.0377,-0.6077,0.2521,0.0314,lead0
data,segment_28,12845123428336,True,44.8,-0.0147,-0.2906,0.1976,0.029,lead0
data,segment_28,12846124820468,True,44.8,-0.0188,-0.0922,0.0652,0.029,lead0
data,segment_28,12847126731598,True,44.7,-0.0283,-0.1042,0.0725,0.0335,e2e
data,segment_28,12848129399162,True,44.6,-0.0341,-0.1042,0.1045,0.0333,e2e
data,segment_28,12849129129604,True,44.4,-0.0188,-0.1042,0.128,0.0316,e2e
data,segment_28,12850123337382,True,44.4,0.0008,-0.1039,0.1246,0.0249,e2e
data,segment_28,12851121578243,True,44.4,0.0135,-0.0932,0.1066,0.0189,e2e
data,segment_28,12852121656939,True,44.4,0.0503,-0.0547,0.0757,0.0195,e2e
data,segment_28,12853123005687,True,44.8,0.1588,-0.0051,0.0921,0.0195,e2e
data,segment_28,12854125753387,True,45.5,0.1766,-0.0026,0.1757,0.0259,e2e
data,segment_28,12855124341685,True,46.3,0.153,-0.0431,0.1612,0.0269,e2e
data,segment_28,12856125274197,True,46.5,0.0025,-0.0644,0.121,0.0417,e2e
data,segment_28,12857128489572,True,46.4,-0.03,-0.1167,0.0758,0.037,e2e
data,segment_28,12858123134423,True,46.3,-0.0595,-0.1253,0.0825,0.0436,e2e
data,segment_28,12859126652988,True,46.0,-0.0946,-0.2113,0.0922,0.0475,e2e
data,segment_28,12860127105896,True,45.6,-0.1445,-0.33,0.1171,0.0541,e2e
data,segment_29,12863144826453,True,41.9,-0.4591,-0.6995,0.4166,0.0612,e2e
data,segment_29,12864144903344,True,39.8,-0.3266,-0.6995,0.4569,0.0833,e2e
data,segment_31,13021121667162,True,21.2,0.9823,0.5823,0.3919,0.0958,cruise
data,segment_31,13022118784957,True,23.7,0.6268,0.4701,0.2941,0.0532,cruise
data,segment_31,13023130066422,True,25.9,0.5975,0.4329,0.1801,0.0434,cruise
data,segment_31,13024118313226,True,28.0,0.5217,0.3984,0.1814,0.043,cruise
data,segment_31,13025120630165,True,29.7,0.4654,0.2244,0.1919,0.039,cruise
data,segment_31,13026123068098,True,31.3,0.3797,0.037,0.1658,0.055,e2e
data,segment_31,13027121793416,True,32.3,0.1,-0.0075,0.1597,0.0677,lead0
data,segment_31,13028126305224,True,32.5,0.0407,-0.3038,0.2037,0.0739,lead0
data,segment_31,13029118046071,True,32.5,-0.0626,-0.3038,0.2519,0.0531,lead0
data,segment_31,13030118201400,True,31.8,-0.0626,-0.3038,0.2803,0.0459,lead0
data,segment_31,13031119880881,True,31.8,0.1156,-0.2495,0.0973,0.0271,lead0
data,segment_31,13032120892229,True,32.2,0.1955,-0.0462,0.1452,0.0365,lead0
data,segment_31,13033122207895,True,33.2,0.2824,0.1582,0.161,0.0343,cruise
data,segment_31,13034122170827,True,34.3,0.2818,-0.1393,0.1932,0.062,lead0
data,segment_31,13035121328862,True,34.7,0.0528,-0.3625,0.1558,0.0768,lead0
data,segment_31,13036121635704,True,34.6,-0.1606,-0.365,0.2693,0.062,lead0
data,segment_31,13037125294939,True,33.6,-0.1606,-0.365,0.2274,0.0442,lead0
data,segment_31,13038118923126,True,33.4,0.0029,-0.365,0.1098,0.0396,lead0
data,segment_31,13039120953246,True,33.5,0.2399,-0.1466,0.1078,0.0373,lead0
data,segment_32,13043119860017,True,40.4,0.2914,0.1072,0.1396,0.0437,lead0
data,segment_32,13044129648182,True,41.2,0.1493,0.0503,0.12,0.032,lead0
data,segment_32,13045128878451,True,41.6,0.1222,0.0503,0.1055,0.0247,lead0
data,segment_32,13046120085538,True,42.0,0.1248,0.0503,0.0911,0.0228,lead0
data,segment_32,13047121130788,True,42.5,0.1341,0.0835,0.0833,0.0219,lead0
data,segment_32,13048120716381,True,43.0,0.1225,-0.0163,0.0789,0.0231,lead0
data,segment_32,13049120139649,True,43.4,0.0849,-0.0163,0.0844,0.02,lead0
data,segment_32,13053127760187,False,38.8,-0.6932,-1.4262,0.4062,0.6097,lead1
data,segment_32,13054128066898,False,35.3,-1.0324,-1.9268,0.3179,0.9395,e2e
data,segment_32,13055120666765,False,30.4,-1.7777,-2.3157,0.3101,0.9203,e2e
data,segment_32,13056123208279,False,23.2,-2.0735,-2.3387,0.5128,0.41,e2e
data,segment_32,13089125007467,False,19.0,1.9673,1.2032,0.6671,1.9347,cruise
data,segment_32,13090125932095,False,28.5,2.591,1.4644,1.1835,2.0756,cruise
data,segment_32,13091125419877,False,39.7,2.4762,0.6929,0.9155,2.0834,cruise
data,segment_32,13092129279534,False,46.0,1.2989,0.5171,1.016,1.6237,e2e
data,segment_32,13093122445773,False,48.4,1.1354,0.2961,1.2593,1.6179,e2e
data,segment_32,13094123090400,False,52.9,0.6332,-0.2565,1.2722,1.1461,e2e
data,segment_32,13095122302138,False,54.4,-0.1594,-0.2565,1.0761,0.344,e2e
data,segment_32,13096123141513,False,54.2,-0.2169,-0.2576,0.5591,0.0749,e2e
data,segment_32,13097123376813,False,53.4,-0.2341,-0.6745,0.2155,0.0435,e2e
data,segment_32,13098126147620,False,52.5,-0.3835,-0.7635,0.1954,0.0504,e2e
data,segment_32,13099128941561,False,50.3,-0.7161,-0.9585,0.176,0.0504,e2e
data,segment_33,13103114595506,False,35.6,-1.4325,-1.663,0.6987,0.3676,lead1
data,segment_33,13104117021490,False,30.4,-1.5877,-1.8452,0.3507,0.4069,lead1
data,segment_33,13105117937140,False,24.3,-1.7625,-1.863,0.128,0.4393,lead0
data,segment_33,13106119242155,False,17.8,-1.829,-1.9119,0.2497,0.2915,lead0
data,segment_34,13180112276622,True,10.9,0.5289,0.1065,0.1533,0.0394,e2e
data,segment_34,13181112602675,True,12.3,0.2517,0.1065,0.2243,0.0425,e2e
data,segment_34,13182113148412,True,12.8,0.2517,0.1065,0.2045,0.0316,cruise
data,segment_34,13183112409324,True,13.9,0.4103,0.1429,0.0684,0.0253,cruise
data,segment_34,13184116386836,True,15.6,0.4929,0.302,0.0916,0.0211,cruise
data,segment_34,13185117102536,True,17.5,0.4951,0.284,0.1394,0.0233,cruise
data,segment_34,13186117074061,True,19.2,0.4063,0.0892,0.1347,0.0382,cruise
data,segment_34,13187118158405,True,20.2,0.2234,0.0892,0.1719,0.0401,cruise
data,segment_34,13188118502375,True,20.7,0.2234,0.0892,0.1438,0.0336,cruise
data,segment_34,13189108684037,True,21.6,0.2788,0.1359,0.0999,0.0261,cruise
data,segment_34,13190115177149,True,22.7,0.2788,0.048,0.1498,0.0277,cruise
data,segment_34,13191116802330,True,23.6,0.1005,-0.101,0.1199,0.0282,cruise
data,segment_34,13192118627716,True,23.6,-0.0045,-0.101,0.1416,0.0342,cruise
data,segment_34,13193118661375,True,23.6,-0.0094,-0.101,0.1711,0.0426,cruise
data,segment_34,13194110319201,True,23.6,0.1605,-0.0907,0.1727,0.0623,e2e
data,segment_34,13195110462922,True,24.4,0.25,-0.044,0.2756,0.0656,e2e
data,segment_34,13196112019497,True,25.6,0.2411,0.0716,0.2927,0.051,e2e
data,segment_34,13197113483846,True,26.7,0.2596,0.0716,0.268,0.0382,e2e
data,segment_34,13198117983626,True,27.5,0.2228,0.0402,0.2537,0.0344,e2e
data,segment_34,13199117833276,True,28.5,0.2068,0.0402,0.2364,0.0253,e2e
data,segment_34,13200117593615,True,28.9,0.1539,-0.0379,0.2913,0.0388,e2e
data,segment_34,13201108720321,True,29.6,0.161,-0.0379,0.2331,0.0298,e2e
data,segment_34,13202111586878,True,30.0,0.2024,-0.0379,0.2644,0.0505,e2e
data,segment_34,13203115428551,True,31.1,0.2599,0.1273,0.2108,0.0419,e2e
data,segment_34,13204115750559,True,31.9,0.3314,0.1281,0.1961,0.0382,e2e
data,segment_34,13205115700978,True,33.1,0.3503,0.1456,0.1083,0.0305,e2e
data,segment_34,13206119169098,True,34.5,0.3809,0.324,0.0765,0.0285,e2e
data,segment_34,13207111622605,True,35.9,0.3969,0.2372,0.1356,0.0342,e2e
data,segment_34,13208111930685,True,37.4,0.3138,0.1487,0.1244,0.0398,e2e
data,segment_34,13209115267322,True,38.3,0.2219,0.1248,0.1256,0.0317,e2e
data,segment_34,13210117243877,True,38.9,0.194,0.1248,0.1151,0.0258,e2e
data,segment_34,13211118038622,True,39.6,0.2493,0.1248,0.111,0.0212,e2e
data,segment_34,13212109804752,True,40.7,0.2492,0.1043,0.1341,0.022,e2e
data,segment_34,13213111420721,True,41.5,0.2076,-0.0087,0.0848,0.0229,e2e
data,segment_34,13214110777954,True,42.0,0.0794,-0.0445,0.1437,0.0303,e2e
data,segment_34,13215112377219,True,42.1,0.0794,-0.0445,0.1595,0.021,e2e
data,segment_34,13216113199082,True,42.4,0.1414,-0.0445,0.1432,0.0227,e2e
data,segment_34,13217111997926,True,43.1,0.2957,0.1091,0.1783,0.0189,e2e
data,segment_34,13218112170096,True,44.6,0.3031,0.1527,0.1827,0.0305,e2e
data,segment_34,13219114679918,True,45.7,0.2472,0.1276,0.0993,0.0297,e2e
data,segment_35,13223108018950,True,46.9,0.0212,-0.084,0.1149,0.0268,cruise
data,segment_35,13224118365615,True,47.0,0.0285,-0.1107,0.1279,0.0253,e2e
data,segment_35,13225108129800,True,47.0,-0.0494,-0.128,0.0981,0.0357,e2e
data,segment_35,13226109143652,True,46.7,-0.0915,-0.1601,0.0863,0.0342,e2e
data,segment_35,13227109747062,True,46.4,-0.1156,-0.1601,0.0616,0.0232,lead0
data,segment_35,13228115710740,True,45.9,-0.1176,-0.1601,0.0545,0.0226,lead0
data,segment_35,13229118924401,True,45.5,-0.1126,-0.3059,0.1216,0.0298,e2e
data,segment_35,13230113042263,True,45.2,-0.1177,-0.4119,0.1682,0.0696,e2e
data,segment_35,13231115951892,True,44.3,-0.1063,-0.4119,0.188,0.0597,e2e
data,segment_35,13232109878267,True,43.9,-0.0734,-0.4119,0.1484,0.0454,e2e
data,segment_35,13233111323762,True,43.7,-0.0571,-0.1289,0.1275,0.0291,e2e
data,segment_35,13234111683327,True,43.5,-0.0447,-0.1289,0.1169,0.035,e2e
data,segment_35,13235111481208,True,43.4,0.0058,-0.1289,0.1061,0.0329,e2e
data,segment_35,13236114013442,True,43.6,0.1144,-0.0664,0.1284,0.0391,e2e
data,segment_35,13237117592506,True,44.1,0.1514,0.0729,0.1816,0.0445,e2e
data,segment_35,13238108697549,True,44.7,0.1645,0.0608,0.1922,0.0468,e2e
data,segment_35,13239118308418,True,45.5,0.1113,-0.0871,0.1831,0.0481,e2e
data,segment_35,13240118285386,True,45.6,-0.0374,-0.1387,0.135,0.0713,lead0
data,segment_35,13241111232703,True,45.5,-0.08,-0.232,0.2157,0.0742,lead0
data,segment_35,13242117812594,True,45.1,-0.0774,-0.232,0.1884,0.075,lead0
data,segment_35,13243108512534,True,45.0,-0.0012,-0.232,0.1906,0.047,lead0
data,segment_35,13244110117837,True,45.1,0.0228,-0.1123,0.1188,0.0305,lead0
data,segment_35,13245113675916,True,45.1,0.007,-0.1123,0.1095,0.0248,lead0
data,segment_35,13246116000156,True,45.1,-0.0022,-0.1446,0.1238,0.0281,lead0
data,segment_35,13247112667646,True,45.1,-0.0176,-0.1446,0.1396,0.0431,lead0
data,segment_35,13248110357645,True,45.0,0.0211,-0.1446,0.1534,0.0523,lead0
data,segment_35,13249110266241,True,45.2,0.0875,-0.0812,0.1646,0.0441,lead0
data,segment_35,13250116001801,True,45.6,0.1153,-0.005,0.1906,0.0349,e2e
data,segment_35,13251109394530,True,46.1,0.083,-0.2756,0.2502,0.0433,e2e
data,segment_35,13252109798070,True,46.1,-0.0482,-0.6581,0.3141,0.062,e2e
data,segment_35,13253110187244,True,45.0,-0.3971,-0.6581,0.3519,0.0813,lead0
data,segment_35,13254116123082,True,43.5,-0.498,-0.6907,0.3934,0.0536,lead0
data,segment_35,13255115041662,True,41.7,-0.4366,-0.6907,0.3418,0.0645,lead0
data,segment_35,13256116181756,True,39.9,-0.2414,-0.6907,0.3235,0.0769,lead0
data,segment_35,13257116410234,True,39.9,0.0877,-0.4705,0.1819,0.0862,lead0
data,segment_35,13258116206293,True,40.4,0.2774,-0.0973,0.2139,0.0815,cruise
data,segment_35,13259116253803,True,42.0,0.2995,0.1592,0.2138,0.0638,e2e
data,segment_35,13260119385233,True,43.2,0.2216,0.0591,0.1241,0.0479,e2e
data,segment_35,13261108149293,True,43.8,0.1374,-0.0019,0.1058,0.0354,e2e
data,segment_35,13262109908147,True,44.2,0.0926,-0.1974,0.1655,0.0427,lead0
data,segment_35,13263116302253,True,44.2,0.0165,-0.3463,0.227,0.0767,e2e
data,segment_35,13264117927220,True,44.2,-0.0974,-0.498,0.3367,0.1222,lead0
data,segment_35,13265119060759,True,43.4,-0.2121,-0.5896,0.3979,0.1382,e2e
data,segment_35,13266109478991,True,42.5,-0.1821,-0.5896,0.3739,0.1209,lead0
data,segment_35,13267112930399,True,42.0,-0.163,-0.5896,0.2791,0.1133,lead0
data,segment_35,13268114168537,True,41.5,-0.1917,-0.3169,0.1951,0.0699,lead0
data,segment_35,13269115951654,True,40.6,-0.1801,-0.3169,0.187,0.067,lead0
data,segment_35,13270110758293,True,40.2,-0.1323,-0.3169,0.1493,0.0597,lead0
data,segment_35,13271112534653,True,39.8,-0.1198,-0.1966,0.1162,0.0575,lead0
data,segment_35,13272113885051,True,39.2,-0.1164,-0.1966,0.1129,0.0479,lead0
data,segment_35,13273113734433,True,39.1,-0.0035,-0.1966,0.1044,0.0393,lead0
data,segment_35,13274108171427,True,39.3,0.1362,-0.0505,0.1215,0.0226,cruise
data,segment_35,13275108657615,True,40.1,0.2179,0.106,0.1538,0.0209,e2e
data,segment_35,13276108446656,True,40.9,0.2179,-0.03,0.1602,0.0225,e2e
data,segment_35,13277109433249,True,41.5,0.0754,-0.112,0.1307,0.039,e2e
data,segment_35,13278109822638,True,41.5,-0.0436,-1.1985,0.4554,0.0718,lead0
data,segment_35,13279113512447,True,41.0,-0.5426,-1.2942,0.6016,0.0754,lead0
data,segment_36,13283110974768,True,31.6,-0.3321,-0.7212,0.2149,0.1032,e2e
data,segment_36,13284121604482,True,30.0,-0.6293,-1.6403,0.411,0.0671,e2e
data,segment_36,13285118253731,True,27.2,-1.1736,-1.6425,0.5505,0.0517,lead0
data,segment_36,13286119291317,True,21.7,-1.2864,-1.6425,0.7145,0.1005,lead0
data,segment_36,13287119566861,True,17.0,-0.9831,-1.6425,0.2254,0.1359,lead0
data,segment_36,13288120371346,True,14.7,-0.3753,-1.3186,0.4037,0.1436,e2e
data,segment_36,13289119257491,True,14.0,-0.3752,-0.6274,0.334,0.1317,e2e
data,segment_36,13290119808302,True,12.5,-0.489,-0.6274,0.1619,0.0693,e2e
data,segment_36,13291121311417,True,10.5,-0.5168,-0.7248,0.1739,0.0515,e2e
data,segment_37,13346106722472,False,10.4,0.4311,0.2592,0.4119,0.4096,cruise
data,segment_37,13347109110146,False,13.2,1.1007,0.2592,0.3359,0.637,e2e
data,segment_37,13348109051381,False,17.8,1.358,0.86,0.1766,0.4922,cruise
data,segment_37,13349110912218,False,22.8,1.3967,1.1624,0.3322,0.3999,cruise
data,segment_37,13353109723789,True,35.3,0.3537,0.1298,0.1877,0.0473,e2e
data,segment_37,13354110186022,True,36.5,0.2521,0.0495,0.1505,0.0428,e2e
data,segment_37,13355113857274,True,37.2,0.1407,-0.0357,0.1682,0.0415,e2e
data,segment_37,13356109896031,True,37.4,0.049,-0.1754,0.2339,0.0346,e2e
data,segment_37,13357111170220,True,37.4,-0.0035,-0.1754,0.2222,0.0321,e2e
data,segment_37,13358116588957,True,37.4,-0.0594,-0.1754,0.2192,0.0456,e2e
data,segment_37,13359111078013,True,37.0,-0.0859,-0.2941,0.1698,0.0512,e2e
data,segment_37,13360108604898,True,36.7,-0.1112,-0.2941,0.1909,0.0471,e2e
data,segment_37,13361109716148,True,36.0,-0.107,-0.2941,0.1839,0.0568,e2e
data,segment_37,13362113380823,True,35.8,-0.0681,-0.2107,0.1596,0.0442,e2e
data,segment_37,13363113482758,True,35.7,-0.0149,-0.1889,0.1643,0.0359,e2e
data,segment_37,13364114660792,True,35.8,0.0638,-0.1675,0.1661,0.0341,e2e
data,segment_37,13365109078842,True,36.1,0.0742,-0.0282,0.1153,0.0366,e2e
data,segment_37,13366106873455,True,36.2,0.0227,-0.1144,0.1287,0.0421,e2e
data,segment_37,13367108301858,True,36.2,-0.0141,-0.1144,0.1137,0.0358,e2e
data,segment_37,13368107275852,True,36.1,-0.0238,-0.1144,0.1091,0.0325,e2e
data,segment_37,13369117253961,True,36.0,-0.0281,-0.1565,0.1099,0.038,e2e
data,segment_37,13370108266628,True,35.8,-0.1121,-0.4504,0.1415,0.0421,e2e
data,segment_37,13371110100450,True,35.2,-0.2824,-0.7111,0.168,0.0523,e2e
data,segment_37,13372112341133,True,33.6,-0.5198,-1.6743,0.4287,0.0705,e2e
data,segment_37,13373112355000,True,31.2,-0.9711,-2.1183,0.5426,0.1164,e2e
data,segment_37,13374114445231,True,25.1,-1.7065,-2.1183,0.7168,0.1164,lead1
data,segment_37,13375114596603,True,18.1,-1.7065,-2.1183,0.459,0.1468,lead1
data,segment_37,13376108699882,True,12.9,-1.1025,-1.8601,0.1331,0.1537,lead0
data,segment_37,13377109461443,True,9.7,-0.6763,-1.4337,0.2248,0.1938,cruise
data,segment_38,13408111425146,False,14.9,0.8631,0.2828,0.2175,0.5219,cruise
data,segment_38,13409112529406,False,17.3,0.5297,0.2175,0.27,0.5416,cruise
data,segment_38,13410112378210,False,18.8,0.2885,0.2175,0.2897,0.404,e2e
data,segment_38,13411105347399,False,19.8,0.2804,0.2175,0.2274,0.2831,e2e
data,segment_38,13412107377411,False,20.8,0.2814,0.2251,0.1363,0.1264,e2e
data,segment_38,13413107870367,False,21.8,0.3145,0.2095,0.2555,0.109,e2e
data,segment_38,13414110134023,False,22.9,0.487,0.2095,0.2226,0.1186,cruise
data,segment_38,13415109320071,False,25.0,0.6047,0.2095,0.2062,0.2064,cruise
data,segment_38,13420109991095,True,29.9,0.1269,-0.2041,0.1421,0.0515,cruise
data,segment_38,13421109704699,True,30.4,0.1294,0.078,0.0807,0.0483,cruise
data,segment_38,13422109975104,True,30.9,0.1116,0.005,0.0948,0.0403,cruise
data,segment_38,13423113607854,True,31.2,0.1116,0.005,0.097,0.0317,cruise
data,segment_38,13424105589079,True,31.6,0.1239,0.005,0.0875,0.0253,e2e
data,segment_38,13425104713511,True,32.1,0.1474,0.09,0.0738,0.026,e2e
data,segment_38,13426106118882,True,32.6,0.16,0.09,0.0705,0.0218,e2e
data,segment_38,13427106439934,True,33.2,0.1798,0.1312,0.0748,0.0189,e2e
data,segment_38,13428108848130,True,33.9,0.2118,0.1312,0.0768,0.0179,e2e
data,segment_38,13429108336106,True,34.8,0.2183,0.1312,0.0786,0.0169,e2e
data,segment_38,13430108648839,True,35.6,0.2213,0.1479,0.0899,0.0216,e2e
data,segment_38,13431111338340,True,36.4,0.2106,0.1191,0.1142,0.0249,e2e
data,segment_38,13432112705668,True,37.1,0.1682,-0.1561,0.1461,0.036,e2e
data,segment_38,13433112556719,True,37.4,0.0257,-0.1561,0.1467,0.0615,e2e
data,segment_38,13434112881033,True,37.3,-0.0954,-0.3018,0.2175,0.0679,e2e
data,segment_38,13435108310948,True,36.7,-0.0796,-0.3018,0.1964,0.0697,e2e
data,segment_38,13436108837866,True,36.5,-0.0432,-0.3018,0.1767,0.0375,e2e
data,segment_38,13437111280999,True,36.5,0.109,-0.1031,0.1943,0.0448,e2e
data,segment_38,13438111673974,True,37.4,0.2003,0.0181,0.2121,0.0336,e2e
data,segment_38,13439112878687,True,37.9,0.1638,-0.1142,0.2599,0.0334,e2e
data,segment_38,13440113972420,True,38.3,0.1432,-0.1142,0.2238,0.0211,e2e
data,segment_38,13441104834976,True,38.6,0.1427,-0.1142,0.2079,0.0212,e2e
data,segment_38,13442113189572,True,39.2,0.1714,0.1166,0.1041,0.0257,e2e
data,segment_38,13443116659040,True,39.8,0.1634,-0.0857,0.1673,0.0353,e2e
data,segment_38,13444108865140,True,40.2,0.0412,-0.4947,0.2004,0.073,e2e
data,segment_38,13445111857244,True,40.2,-0.191,-0.4947,0.2042,0.0759,lead0
data,segment_38,13446114708213,True,38.8,-0.3476,-0.4947,0.2899,0.0512,lead0
data,segment_38,13447113756710,True,37.5,-0.2696,-0.4928,0.1361,0.0364,lead0
data,segment_38,13448110694531,True,37.1,-0.0451,-0.4158,0.2148,0.036,lead0
data,segment_38,13449112822684,True,37.1,-0.03,-0.1943,0.1802,0.0369,lead0
data,segment_38,13450117613215,True,36.9,-0.0694,-0.1943,0.1554,0.0582,lead0
data,segment_38,13451111324171,True,36.6,-0.0931,-0.2275,0.1501,0.0622,e2e
data,segment_38,13452113432078,True,36.3,-0.123,-0.3377,0.1283,0.0357,e2e
data,segment_38,13453104754042,True,35.7,-0.2114,-0.3434,0.1522,0.0421,e2e
data,segment_38,13454106324171,True,34.7,-0.2687,-0.4264,0.1724,0.0254,e2e
data,segment_38,13455109250074,True,33.6,-0.2805,-0.4264,0.1676,0.0562,e2e
data,segment_38,13456109590478,True,32.6,-0.3337,-0.5613,0.2118,0.0264,e2e
data,segment_38,13457114496036,True,31.5,-0.3947,-1.0372,0.2227,0.0291,e2e
data,segment_38,13458105665530,True,29.3,-0.8718,-1.6143,0.3323,0.0217,e2e
data,segment_38,13459108475778,True,25.7,-1.0333,-1.6379,0.5547,0.0395,e2e
data,segment_39,13479101270466,False,13.8,1.071,0.6157,0.1803,0.5424,lead0
data,segment_39,13480102558223,False,17.4,0.8702,0.5332,0.1937,0.2565,lead0
data,segment_39,13481101690826,False,19.8,0.62,0.5332,0.2269,0.2291,e2e
data,segment_39,13482102488667,False,21.9,0.6231,0.5332,0.1423,0.4252,cruise
data,segment_39,13483102034801,False,24.4,0.7315,0.5487,0.145,0.6483,cruise
data,segment_39,13484102652294,False,27.2,0.852,0.6604,0.1825,0.5016,cruise
data,segment_39,13485106490890,False,30.9,1.0859,0.7447,0.3036,0.4628,cruise
data,segment_39,13489103921004,True,41.0,0.3532,0.2527,0.1411,0.0222,e2e
data,segment_39,13490102312847,True,42.1,0.2903,0.1143,0.1138,0.0243,e2e
data,segment_39,13491102495442,True,43.1,0.2121,-0.0382,0.0947,0.0322,e2e
data,segment_39,13492102855690,True,43.5,0.0926,-0.0382,0.1078,0.055,e2e
data,segment_39,13493107372517,True,43.6,0.0557,-0.0382,0.1186,0.056,e2e
data,segment_39,13494102182514,True,43.9,0.0663,-0.0341,0.1189,0.0479,cruise
data,segment_39,13495106150834,True,44.2,0.0682,-0.0327,0.1358,0.0459,cruise
data,segment_39,13496107466157,True,44.4,0.0354,-0.0962,0.1331,0.0377,cruise
data,segment_39,13497101195436,True,44.5,0.0247,-0.0962,0.1323,0.0379,cruise
data,segment_39,13498103031473,True,44.6,0.0186,-0.0962,0.1241,0.0285,cruise
data,segment_39,13499103395604,True,44.6,0.02,-0.0849,0.1164,0.0301,cruise
data,segment_39,13500104203573,True,44.7,0.0316,-0.0849,0.1122,0.0253,cruise
data,segment_39,13501107071031,True,44.7,0.0236,-0.0849,0.0955,0.025,cruise
data,segment_39,13502105772544,True,44.8,0.0178,-0.0568,0.073,0.0203,cruise
data,segment_39,13503110363785,True,44.8,0.0027,-0.1548,0.1004,0.0251,cruise
data,segment_39,13504103103191,True,44.8,-0.0598,-0.2385,0.1137,0.0514,e2e
data,segment_39,13505106420021,True,44.4,-0.1561,-0.4978,0.1065,0.0584,e2e
data,segment_39,13506109095269,True,43.6,-0.3454,-0.825,0.1364,0.0541,e2e
data,segment_39,13507109719317,True,42.0,-0.5733,-1.3955,0.1655,0.0612,e2e
data,segment_39,13508111068855,True,38.8,-1.1568,-1.7106,0.3003,0.0966,e2e
data,segment_39,13509104983800,True,33.9,-1.4052,-1.7106,0.384,0.0979,e2e
data,segment_39,13510110291650,True,28.3,-1.5063,-1.7106,0.3043,0.0893,e2e
data,segment_39,13511109186837,True,23.2,-1.5024,-1.652,0.2087,0.0783,e2e
data,segment_40,13547133117423,False,12.5,0.6297,0.5182,0.1229,0.2879,cruise
data,segment_40,13548136130739,False,14.6,0.5848,0.3015,0.1673,0.3065,cruise
data,segment_40,13549137258626,False,16.8,0.5046,0.3015,0.2081,0.3273,e2e
data,segment_40,13550134172235,False,18.2,0.4603,0.3015,0.2155,0.3644,e2e
data,segment_40,13551136962342,False,19.9,0.4615,0.3432,0.1248,0.3659,cruise
data,segment_40,13552140412423,False,21.5,0.4543,0.2823,0.1869,0.3755,cruise
data,segment_40,13553141587041,False,23.1,0.4675,0.2823,0.2119,0.3471,cruise
data,segment_40,13554141114345,False,24.7,0.5059,0.2823,0.2298,0.1496,e2e
data,segment_40,13555133450635,False,26.7,0.555,0.4571,0.1669,0.0766,e2e
data,segment_40,13556134088415,False,28.8,0.6001,0.4721,0.1342,0.0687,e2e
data,segment_40,13560133227959,True,34.1,0.0267,-0.4318,0.3117,0.0736,e2e
data,segment_40,13561140659449,True,34.1,-0.0858,-2.4885,0.9316,0.0745,e2e
data,segment_40,13562136128587,True,32.5,-0.9715,-2.4885,1.3224,0.1236,e2e
data,segment_40,13563140415596,True,24.5,-1.5593,-2.4885,1.3655,0.1523,e2e
data,segment_40,13564134266015,True,18.8,-1.4755,-2.485,0.6468,0.1649,e2e
data,segment_40,13565138037952,True,13.8,-0.8909,-1.5699,0.4831,0.1882,e2e
data,segment_40,13566139887951,True,12.3,-0.1566,-1.4486,0.4052,0.1268,e2e
data,segment_40,13567133831398,True,12.3,0.0456,-0.3814,0.1507,0.0715,e2e
data,segment_40,13568134842485,True,12.8,0.2457,-0.0443,0.1374,0.0456,e2e
data,segment_40,13569137726926,True,14.0,0.3198,0.2125,0.1459,0.0487,e2e
data,segment_40,13570141141657,True,15.2,0.3918,0.2883,0.2016,0.0514,e2e
data,segment_40,13571135141261,True,16.8,0.6021,0.3033,0.2137,0.0534,e2e
data,segment_40,13572137958529,True,19.5,0.7307,0.4261,0.244,0.0521,e2e
data,segment_40,13573138766571,True,22.3,0.6867,0.397,0.1514,0.0569,e2e
data,segment_40,13574140694460,True,24.6,0.5111,0.2935,0.1332,0.0554,e2e
data,segment_40,13575134515493,True,25.9,0.3991,0.2415,0.1965,0.0657,e2e
data,segment_40,13576137494173,True,27.4,0.3359,0.2415,0.1917,0.0466,e2e
data,segment_40,13577132210379,True,28.7,0.3184,0.1521,0.1925,0.0372,e2e
data,segment_40,13578134609718,True,29.8,0.1949,-0.0253,0.1367,0.0199,e2e
data,segment_40,13579137340035,True,30.3,0.0577,-0.0253,0.1263,0.0257,e2e
data,segment_41,13583095502457,True,30.6,-0.0759,-0.5423,0.1876,0.0326,e2e
data,segment_41,13584099039733,True,30.0,-0.4536,-0.8514,0.1712,0.0426,cruise
data,segment_41,13585101344623,True,27.9,-0.7075,-0.8727,0.2811,0.0491,cruise
data,segment_41,13591097275546,False,17.6,-0.2836,-0.3802,0.1141,0.326,e2e
data,segment_41,13592097722161,False,16.5,-0.2301,-0.3802,0.1153,0.3266,e2e
data,segment_41,13593102506493,False,15.8,-0.1989,-0.3101,0.0812,0.5272,e2e
data,segment_41,13594096577320,False,15.0,-0.1779,-0.225,0.1283,0.9975,e2e
data,segment_41,13595102983354,False,14.5,-0.1347,-0.2081,0.1786,1.0042,e2e
data,segment_41,13596103164318,False,14.4,-0.1347,-0.2472,0.1876,0.831,e2e
data,segment_41,13597101921342,False,13.8,-0.1798,-0.2749,0.1931,0.2536,e2e
data,segment_41,13598102388445,False,13.3,-0.1798,-0.2749,0.3355,0.1782,e2e
data,segment_41,13599102677175,False,13.3,0.3602,-0.2749,0.3105,0.2168,e2e
data,segment_41,13600102922941,False,14.5,0.4181,-0.0791,0.2977,0.368,cruise
data,segment_41,13601102764199,False,16.1,0.5526,0.3414,0.1248,0.3326,cruise
data,segment_41,13602102625720,False,18.3,0.6452,0.4186,0.225,0.2431,cruise
data,segment_41,13606100940691,True,26.4,0.6109,0.517,0.2234,0.0224,e2e
data,segment_41,13607096700962,True,28.6,0.6041,0.3623,0.1434,0.0272,e2e
data,segment_41,13608097574383,True,30.7,0.5034,0.2366,0.1235,0.038,lead0
data,segment_41,13609100808114,True,32.2,0.3458,0.1698,0.2474,0.0538,lead0
data,segment_41,13610102905182,True,33.0,0.3364,0.1698,0.2848,0.0759,e2e
data,segment_41,13611096972681,True,34.5,0.2892,0.0062,0.3318,0.0621,e2e
data,segment_41,13612096905743,True,35.7,0.1952,0.0062,0.2709,0.0484,e2e
data,segment_41,13613099519880,True,36.1,0.1459,0.0062,0.2247,0.0399,e2e
data,segment_41,13614096561469,True,36.7,0.1488,0.0842,0.1522,0.0315,e2e
data,segment_41,13615101537794,True,37.1,0.1373,0.0491,0.1377,0.0333,e2e
data,segment_41,13616097152580,True,37.6,0.0897,-0.2327,0.2347,0.0495,e2e
data,segment_41,13617097375801,True,37.6,-0.0742,-0.549,0.2409,0.0612,e2e
data,segment_41,13618098142958,True,36.9,-0.4167,-0.583,0.3501,0.0606,lead1
data,segment_41,13619100461296,True,35.0,-0.4501,-0.8362,0.4038,0.088,lead1
data,segment_41,13620101916709,True,33.7,-0.2541,-0.8362,0.3459,0.0663,lead0
data,segment_41,13621105417603,True,33.4,0.0175,-0.8362,0.341,0.0529,lead0
data,segment_41,13622098566587,True,33.4,0.096,-0.4103,0.1969,0.024,lead0
data,segment_41,13623099247305,True,33.8,0.1425,0.0605,0.1094,0.028,lead0
data,segment_41,13624102329999,True,34.4,0.1952,0.0725,0.1114,0.04,lead0
data,segment_41,13625103182852,True,35.3,0.2577,0.0991,0.1204,0.0338,e2e
data,segment_41,13626104888481,True,36.2,0.255,0.1402,0.1307,0.0279,e2e
data,segment_41,13627104758834,True,37.1,0.2407,0.1015,0.1419,0.0285,e2e
data,segment_41,13628096787473,True,38.0,0.1441,-0.0537,0.1072,0.0356,e2e
data,segment_41,13629097293584,True,38.2,0.0718,-0.0537,0.1628,0.0372,e2e
data,segment_41,13630098245043,True,38.2,0.0061,-0.1286,0.164,0.0555,e2e
data,segment_41,13631099529301,True,38.2,-0.0263,-0.1688,0.181,0.0551,e2e
data,segment_41,13632099279260,True,38.1,-0.0867,-0.2027,0.153,0.0576,e2e
data,segment_41,13633096968744,True,37.7,-0.0918,-0.2027,0.1611,0.0595,e2e
data,segment_41,13634101008352,True,37.4,-0.0731,-0.2027,0.1757,0.072,e2e
data,segment_41,13635101211007,True,37.4,-0.0288,-0.4233,0.33,0.0932,cruise
data,segment_41,13636103383053,True,37.4,0.0318,-0.4233,0.3963,0.0938,cruise
data,segment_41,13637096540782,True,37.4,0.0717,-0.4233,0.3993,0.0971,e2e
data,segment_41,13638104611100,True,37.7,0.1377,-0.3327,0.3077,0.0779,e2e
data,segment_41,13639096784663,True,38.3,0.1006,-0.1235,0.1825,0.0883,e2e
data,segment_42,13643105207250,True,38.0,0.0262,-0.1451,0.2146,0.0562,lead0
data,segment_42,13644114408420,True,38.0,0.0218,-0.6335,0.2865,0.0863,cruise
data,segment_42,13645112828950,True,38.0,-0.0488,-0.6335,0.3933,0.1028,lead1
data,segment_42,13646106193625,True,37.1,-0.1626,-0.6335,0.3964,0.0772,lead1
data,segment_42,13647108332686,True,36.6,-0.1691,-0.3115,0.2871,0.0622,lead1
data,segment_42,13648110371546,True,35.8,-0.1787,-0.3115,0.2275,0.0608,lead1
data,segment_42,13649111249839,True,35.2,-0.1372,-0.3028,0.2026,0.0424,lead1
data,segment_42,13650111177710,True,34.9,-0.0184,-0.3028,0.2023,0.0356,e2e
data,segment_42,13651113135646,True,34.9,0.0074,-0.3348,0.2699,0.0494,e2e
data,segment_42,13652105878389,True,35.0,0.0356,-0.6886,0.4114,0.1093,e2e
data,segment_42,13653109564427,True,34.5,-0.1517,-0.6886,0.4485,0.1343,e2e
data,segment_42,13654109988798,True,33.9,-0.0884,-0.6886,0.4175,0.0756,cruise
data,segment_42,13655113908269,True,33.8,-0.0421,-0.6745,0.4891,0.058,cruise
data,segment_42,13656106795236,True,33.8,0.0612,-0.6745,0.575,0.0864,cruise
data,segment_42,13657109925792,True,34.0,-0.0053,-0.6745,0.5618,0.1524,e2e
data,segment_42,13658113235926,True,34.0,-0.0533,-0.4634,0.4251,0.1117,e2e
data,segment_42,13659113777233,True,33.6,-0.221,-0.4667,0.245,0.0763,e2e
data,segment_42,13660117413608,True,32.6,-0.3336,-0.5672,0.2867,0.0666,lead0
data,segment_42,13661105682837,True,31.4,-0.3484,-0.5672,0.2602,0.046,lead0
data,segment_42,13662110767796,True,29.9,-0.3544,-0.5672,0.2522,0.0465,lead0
data,segment_42,13663107854642,True,28.6,-0.3263,-0.4741,0.2931,0.0541,lead0
data,segment_42,13664116572406,True,27.7,-0.2901,-0.4741,0.2722,0.0762,e2e
data,segment_42,13665105767489,True,26.5,-0.3528,-0.9836,0.5174,0.0879,e2e
data,segment_42,13666108800056,True,24.9,-0.3744,-0.9836,0.5583,0.1103,lead0
data,segment_42,13667112729980,True,22.2,-0.5078,-0.9836,0.5598,0.102,e2e
data,segment_42,13668113783061,True,20.9,-0.5365,-0.7614,0.3069,0.0792,e2e
data,segment_42,13669116232279,True,18.8,-0.6393,-0.8266,0.161,0.0282,e2e
data,segment_42,13670105471437,True,16.1,-0.7348,-0.9659,0.199,0.0228,e2e
data,segment_42,13671106246936,True,13.4,-0.8111,-1.2685,0.2541,0.027,e2e
data,segment_43,13742103472155,True,14.3,0.5837,0.1156,0.0684,0.0407,lead0
data,segment_43,13743098041630,True,15.9,0.2401,0.0225,0.2052,0.0455,lead0
data,segment_43,13744097895395,True,16.4,0.1908,0.0225,0.2206,0.027,lead0
data,segment_43,13745099396691,True,16.8,0.1847,0.0225,0.145,0.0331,lead0
data,segment_43,13746099477689,True,17.6,0.2101,0.0855,0.164,0.0518,lead0
data,segment_43,13747101870562,True,18.4,0.181,-0.077,0.1506,0.1187,lead0
data,segment_43,13748102772154,True,18.6,-0.0151,-0.2708,0.2392,0.1192,lead0
data,segment_43,13752102528356,False,11.0,-0.3368,-1.2506,0.5866,0.7167,cruise
data,segment_43,13753097767306,False,10.5,-0.0679,-0.64,0.4109,0.2737,lead0
data,segment_43,13754097401523,False,10.8,0.2373,-0.1916,0.3742,0.1467,lead0
data,segment_43,13755101021651,False,11.7,0.2303,-0.2074,0.2344,0.1637,lead0
data,segment_43,13756102515787,False,11.7,-0.0192,-0.2074,0.3068,0.1382,lead0
data,segment_43,13757096946554,False,11.7,0.0785,-0.2074,0.2652,0.1189,cruise
data,segment_43,13758100747932,False,11.9,0.2494,-0.1685,0.1885,0.124,cruise
data,segment_43,13759104726388,False,13.5,0.5692,0.091,0.2204,0.3834,cruise
data,segment_44,13763106018723,False,20.9,0.3807,-0.1281,0.7201,0.3319,lead0
data,segment_44,13767107805711,True,27.1,0.7923,0.3621,0.3626,0.0757,e2e
data,segment_44,13768111838926,True,30.1,0.9625,0.7219,0.3202,0.0759,e2e
data,segment_44,13769108147031,True,34.1,0.9657,0.6243,0.3618,0.0806,e2e
data,segment_44,13770111368154,True,37.5,0.8169,0.2079,0.1398,0.0602,cruise
data,segment_44,13771113346367,True,39.7,0.3507,0.0205,0.1724,0.0455,cruise
data,segment_44,13772117185174,True,40.6,0.1757,-0.0352,0.1845,0.0467,cruise
data,segment_44,13773110571446,True,40.8,0.0361,-0.0858,0.1426,0.0412,e2e
data,segment_44,13774114417392,True,40.8,0.0352,-0.0858,0.1163,0.0375,e2e
data,segment_44,13775111141587,True,41.0,0.0934,-0.0858,0.1339,0.0308,e2e
data,segment_44,13776114380952,True,41.3,0.1238,-0.0067,0.1745,0.0414,e2e
data,segment_44,13777114428279,True,42.1,0.0991,-0.1933,0.1809,0.0485,e2e
data,segment_44,13778115611493,True,42.1,-0.0486,-0.3541,0.1411,0.0604,e2e
data,segment_44,13779111527298,True,41.9,-0.1031,-0.3541,0.2652,0.0732,e2e
data,segment_44,13780114870939,True,41.1,-0.1021,-0.3541,0.2675,0.0621,e2e
data,segment_44,13781108157131,True,41.0,-0.0565,-0.2852,0.2486,0.0562,e2e
data,segment_44,13782110376089,True,40.7,-0.0053,-0.2507,0.2092,0.0567,e2e
data,segment_44,13783110381193,True,40.7,0.0721,-0.2507,0.1625,0.0623,e2e
data,segment_44,13784111371046,True,41.2,0.1476,-0.0208,0.172,0.0626,e2e
data,segment_44,13785111759210,True,41.8,0.1612,-0.0208,0.1579,0.0693,e2e
data,segment_44,13786106126040,True,42.4,0.1163,-0.0208,0.1445,0.0505,e2e
data,segment_44,13787115334009,True,42.8,0.1022,0.0371,0.0945,0.0376,e2e
data,segment_44,13788113863360,True,43.0,0.0843,0.0371,0.0871,0.0262,e2e
data,segment_44,13789108514038,True,43.4,0.0789,0.0017,0.0967,0.0262,cruise
data,segment_44,13790113571373,True,43.6,0.0878,0.0017,0.0791,0.0287,cruise
data,segment_44,13791106052885,True,44.0,0.0901,0.0017,0.0783,0.0285,cruise
data,segment_44,13792111546610,True,44.4,0.0748,0.018,0.068,0.0249,cruise
data,segment_44,13793114039591,True,44.6,0.0427,-0.0504,0.0906,0.0235,cruise
data,segment_44,13794114853330,True,44.7,0.0346,-0.1025,0.1017,0.0261,cruise
data,segment_44,13795107159808,True,44.7,0.0131,-0.151,0.1243,0.0461,cruise
data,segment_44,13796117160992,True,44.7,-0.0227,-0.151,0.1341,0.0512,cruise
data,segment_44,13797108606421,True,44.6,-0.0182,-0.151,0.1418,0.0389,cruise
data,segment_44,13798110815417,True,44.4,-0.0484,-0.1739,0.129,0.0317,e2e
data,segment_44,13799111924935,True,44.3,-0.0948,-0.2658,0.1246,0.0322,e2e
data,segment_44,13800115240030,True,43.9,-0.1634,-0.2917,0.1097,0.0476,e2e
data,segment_44,13801117386016,True,43.0,-0.2442,-0.3681,0.1051,0.0738,e2e
data,segment_44,13802115935815,True,42.1,-0.2473,-0.3681,0.1102,0.0667,e2e
data,segment_44,13803110729540,True,41.1,-0.239,-0.3681,0.1426,0.0473,e2e
data,segment_44,13804114335465,True,40.4,-0.1994,-0.3443,0.1996,0.0445,e2e
data,segment_44,13805106764721,True,39.9,-0.0637,-0.2933,0.1985,0.0533,e2e
data,segment_44,13806115203656,True,39.9,0.0679,-0.2815,0.181,0.0529,e2e
data,segment_44,13807116216218,True,40.1,0.1095,-0.0489,0.1938,0.0581,e2e
data,segment_44,13808115695832,True,40.7,0.1101,-0.1575,0.1973,0.081,e2e
data,segment_44,13809114532301,True,40.8,-0.0309,-0.2877,0.1723,0.1428,e2e
data,segment_44,13810114912659,True,40.6,-0.1007,-0.2877,0.2032,0.0901,e2e
data,segment_44,13811106210158,True,40.1,-0.0681,-0.2877,0.1762,0.0487,e2e
data,segment_44,13812107078691,True,40.1,0.0956,-0.1902,0.2154,0.0307,e2e
data,segment_44,13813109565237,True,40.8,0.1137,-0.0046,0.2191,0.0272,e2e
data,segment_44,13814113242711,True,41.3,0.1244,-0.0046,0.2168,0.0445,e2e
data,segment_44,13815112093466,True,41.6,0.1318,-0.0046,0.153,0.0341,e2e
data,segment_44,13816113852424,True,42.2,0.1685,0.0608,0.1702,0.0448,e2e
data,segment_44,13817115638463,True,42.9,0.1592,0.0651,0.1242,0.0816,e2e
data,segment_44,13818110648856,True,43.3,0.0956,-0.1066,0.1238,0.0955,e2e
data,segment_44,13819109527411,True,43.6,0.0776,-0.1066,0.186,0.0873,e2e
data,segment_45,13823097726561,True,43.0,-0.1239,-0.3437,0.2629,0.0479,e2e
data,segment_45,13824104456532,True,42.5,-0.136,-0.4312,0.2595,0.04,e2e
data,segment_45,13825103021701,True,42.2,-0.1399,-0.8447,0.2757,0.0429,e2e
data,segment_45,13826099916835,True,40.8,-0.5101,-0.8447,0.3956,0.0408,cruise
data,segment_45,13827101316978,True,38.0,-0.5101,-0.8447,0.3697,0.0555,cruise
data,segment_45,13828104443659,True,36.4,-0.3679,-0.8082,0.2476,0.0993,e2e
data,segment_45,13829098688536,True,35.3,-0.3585,-0.6673,0.2328,0.1033,e2e
data,segment_45,13830102252797,True,33.8,-0.4565,-0.6788,0.245,0.059,cruise
data,segment_45,13831099891740,True,31.8,-0.5399,-0.7973,0.2943,0.0507,cruise
data,segment_45,13832103803115,True,30.0,-0.6363,-1.3051,0.4193,0.0816,cruise
data,segment_45,13833103469622,True,27.3,-1.1459,-1.4308,0.4031,0.0849,lead1
data,segment_45,13834104474452,True,22.8,-1.1788,-1.4308,0.6,0.0854,cruise
data,segment_45,13835105268299,True,18.3,-0.9746,-1.4308,0.3982,0.1282,cruise
data,segment_45,13836104236755,True,16.2,-0.5448,-1.2582,0.4817,0.1571,cruise
data,segment_45,13837105811345,True,14.6,-0.5598,-0.8743,0.2521,0.1459,lead0
data,segment_45,13838098605638,True,11.8,-0.7538,-0.8743,0.2541,0.1073,lead0
data,segment_45,13861108255936,False,9.6,0.0801,-0.1035,0.3108,0.1558,lead0
data,segment_45,13862098685585,False,9.7,0.1251,-0.1035,0.1831,0.1667,lead0
data,segment_45,13863098265511,False,10.2,0.2168,-0.1005,0.1708,0.2303,lead0
data,segment_45,13871106430520,True,16.4,0.5387,-0.2533,0.587,0.1564,e2e
data,segment_45,13872107029181,True,17.2,-0.0474,-1.2676,0.5322,0.1435,e2e
data,segment_45,13879097808820,False,9.7,0.1651,-0.2595,0.2097,0.6147,lead0
data,segment_46,13899113341085,True,16.8,0.9604,0.6202,0.177,0.0727,e2e
data,segment_46,13900105454220,True,19.7,0.6733,0.3418,0.1152,0.0787,e2e
data,segment_46,13901109820514,True,21.8,0.4317,0.2922,0.1223,0.0547,e2e
data,segment_46,13902104529572,True,23.1,0.3453,0.251,0.192,0.0477,e2e
data,segment_46,13903107832836,True,24.2,0.3257,0.251,0.166,0.0355,e2e
data,segment_46,13904109281595,True,25.6,0.2878,0.241,0.1659,0.0237,e2e
data,segment_46,13905110961800,True,26.6,0.2781,0.1485,0.1225,0.0305,e2e
data,segment_46,13906113603262,True,27.6,0.2503,0.0126,0.0953,0.0256,e2e
data,segment_46,13907116093427,True,28.2,0.102,-0.0259,0.1087,0.0228,e2e
data,segment_46,13908107069042,True,28.4,0.0677,-0.0259,0.1239,0.0188,e2e
data,segment_46,13909114497269,True,28.5,0.0916,-0.0259,0.0979,0.0192,e2e
data,segment_46,13910114437436,True,29.0,0.1462,0.0446,0.1146,0.0263,e2e
data,segment_46,13911114972730,True,29.6,0.1629,0.07,0.1007,0.0299,e2e
data,segment_46,13912104417518,True,30.2,0.1672,0.0564,0.1234,0.0299,e2e
data,segment_46,13913104255130,True,30.8,0.1226,-0.0735,0.1421,0.0384,e2e
data,segment_46,13914108734880,True,31.0,0.0294,-0.1613,0.137,0.0488,e2e
data,segment_46,13915110980507,True,30.9,-0.0664,-0.6298,0.2102,0.0546,e2e
data,segment_46,13916110757282,True,30.4,-0.451,-0.883,0.1879,0.0626,e2e
data,segment_46,13917104321357,True,28.2,-0.6643,-0.8917,0.3638,0.0517,e2e
data,segment_46,13918107376214,True,25.3,-0.6646,-0.8917,0.4708,0.0566,e2e
data,segment_46,13919109254766,True,24.1,-0.0417,-0.8917,0.8566,0.0486,e2e
data,segment_46,13920114534521,True,23.7,-0.0297,-2.1146,1.9988,0.0645,e2e
data,segment_46,13921105555418,True,22.7,0.1587,-2.1146,2.0554,0.0604,e2e
data,segment_46,13922114470686,True,20.6,0.0198,-2.1146,1.9306,0.1475,e2e
data,segment_46,13923106753972,True,20.6,0.014,-0.6094,0.6887,0.1496,e2e
data,segment_46,13924109714079,True,20.6,-0.0829,-0.2883,0.155,0.1352,e2e
data,segment_46,13925109737646,True,20.0,-0.1084,-0.2883,0.2932,0.0549,e2e
data,segment_46,13926111088758,True,19.9,0.1054,-0.2883,0.2701,0.028,e2e
data,segment_46,13927112430285,True,20.2,0.1171,-0.2015,0.2865,0.0362,e2e
data,segment_46,13928105122553,True,20.8,0.1084,-0.0205,0.136,0.026,e2e
data,segment_46,13929108462373,True,20.9,0.082,-0.0205,0.1242,0.0331,e2e
data,segment_46,13930107160103,True,21.3,0.0538,-0.0162,0.1055,0.028,e2e
data,segment_46,13931110283782,True,21.4,0.0418,-0.2352,0.0841,0.0469,e2e
data,segment_46,13932112099809,True,21.4,-0.0894,-1.2371,0.6223,0.0591,e2e
data,segment_46,13933104666135,True,20.6,-0.2681,-2.8603,1.0605,0.106,e2e
data,segment_47,13972106697558,True,9.8,0.302,-0.5048,0.2292,0.074,e2e
data,segment_47,13973098198069,True,9.8,-0.1881,-0.5465,0.4226,0.0642,lead0
data,segment_47,13974099195557,True,8.5,-0.1886,-0.5465,0.4657,0.0517,lead0
data,segment_47,13975102614448,True,8.1,-0.0093,-0.5465,0.2334,0.0335,cruise
data,segment_47,13976105470392,True,8.2,0.0626,-0.1663,0.25,0.0507,cruise
data,segment_47,13977100330487,True,8.5,-0.0027,-0.3967,0.1694,0.0525,e2e
data,segment_48,14008102223456,False,9.1,0.3989,0.1879,0.1896,0.4481,e2e
data,segment_48,14009099518958,False,10.6,0.4498,0.2333,0.1238,0.4272,e2e
data,segment_48,14010101849446,False,12.3,0.5021,0.411,0.0414,0.3859,e2e
data,segment_48,14011102873842,False,14.2,0.5092,0.2833,0.145,0.1213,e2e
data,segment_48,14012106504634,False,16.1,0.4644,0.2142,0.1405,0.0922,e2e
data,segment_48,14013106743645,False,17.2,0.3418,0.2142,0.1959,0.1044,e2e
data,segment_48,14014103060327,False,18.2,0.3071,0.2142,0.1616,0.1971,e2e
data,segment_48,14015109305529,False,19.6,0.3354,0.2383,0.1538,0.2062,e2e
data,segment_48,14016099800432,False,20.6,0.2957,0.1998,0.112,0.1934,e2e
data,segment_48,14017110725112,False,21.8,0.2596,0.0038,0.1396,0.1565,e2e
data,segment_48,14018100850028,False,22.6,0.2067,0.0038,0.2506,0.1064,e2e
data,segment_48,14019103368720,False,22.9,0.0777,-0.188,0.2716,0.026,e2e
data,segment_48,14020101128035,False,22.9,-0.0987,-0.2007,0.2659,0.0216,cruise
data,segment_48,14021100921219,False,22.7,-0.1738,-0.3135,0.1463,0.0444,cruise
data,segment_48,14022106740229,False,21.9,-0.2699,-0.3167,0.1034,0.1087,cruise
data,segment_48,14023102221619,False,20.9,-0.303,-0.8559,0.2694,0.215,e2e
data,segment_48,14024099872235,False,19.5,-0.6619,-0.9138,0.272,0.34,e2e
data,segment_48,14025101121858,False,16.6,-0.8361,-0.9138,0.3389,0.393,e2e
data,segment_48,14026102887394,False,13.5,-0.8362,-0.9138,0.1836,0.416,e2e
data,segment_49,14078094425100,True,9.9,0.3105,0.0043,0.2267,0.0542,e2e
data,segment_49,14079094528225,True,11.1,0.3412,-0.1072,0.2674,0.1066,e2e
data,segment_49,14080095363972,True,12.3,0.4773,-0.1072,0.3034,0.1273,e2e
data,segment_49,14081100337297,True,13.8,0.4774,-0.1072,0.2521,0.084,lead0
data,segment_49,14082097930788,True,15.6,0.4259,-0.1242,0.2658,0.0621,lead0
data,segment_49,14083100681863,True,16.7,0.2447,-0.2299,0.3143,0.0571,lead0
data,segment_49,14084092218327,True,17.0,0.056,-0.2299,0.3399,0.0838,lead0
data,segment_49,14085094205005,True,17.2,0.0035,-0.6364,0.4602,0.1213,e2e
data,segment_49,14086102098922,True,17.2,-0.0686,-0.7445,0.5123,0.0858,e2e
data,segment_49,14087101014483,True,15.3,-0.3552,-0.7445,0.5311,0.1272,lead0
data,segment_49,14088091806390,True,13.8,-0.5137,-0.7445,0.3787,0.0795,lead0
data,segment_49,14092098298759,False,9.3,-0.1537,-0.2107,0.1581,0.427,e2e
data,segment_49,14093093227298,False,9.3,0.0694,-0.1917,0.2542,0.427,e2e
data,segment_49,14094095685036,False,9.7,0.1444,-0.1625,0.3013,0.4661,e2e
data,segment_49,14095100153933,False,10.6,0.1435,-0.1055,0.2683,0.4697,e2e
data,segment_49,14096092940584,False,10.7,0.0675,-0.1055,0.188,0.4705,e2e
data,segment_49,14097093102116,False,10.8,0.0091,-0.1055,0.1804,0.2954,e2e
data,segment_49,14098094983727,False,10.9,0.0856,-0.0257,0.1423,0.2491,e2e
data,segment_49,14099097073191,False,11.2,0.0986,-0.0541,0.2326,0.1784,e2e
data,segment_49,14100098096243,False,12.0,0.0981,-0.0541,0.2376,0.1288,e2e
data,segment_49,14101100684902,False,12.0,0.0055,-0.284,0.1992,0.1831,e2e
data,segment_49,14102091900051,False,12.0,-0.1195,-0.2952,0.1649,0.1825,e2e
data,segment_49,14103093546144,False,11.2,-0.214,-0.2952,0.1283,0.2656,e2e
data,segment_49,14104091807802,False,10.3,-0.2127,-0.2952,0.0503,0.3198,e2e
data,segment_49,14105097245235,False,9.6,-0.1911,-0.2438,0.0959,0.3783,e2e
data,segment_49,14106099843209,False,9.2,-0.0902,-0.2248,0.0879,0.365,e2e
data,segment_49,14107094950938,False,9.2,0.0983,-0.1803,0.092,0.279,cruise
data,segment_49,14108101352648,False,9.6,0.1241,0.0072,0.1328,0.2456,cruise
data,segment_49,14109092168949,False,10.2,0.1106,-0.0537,0.1507,0.2628,cruise
data,segment_49,14110094907379,False,10.2,0.0936,-0.0537,0.2064,0.2104,e2e
data,segment_49,14111096932871,False,10.5,0.0996,-0.0537,0.2798,0.2017,e2e
data,segment_49,14112099409435,False,11.4,0.0996,-0.0483,0.269,0.2465,e2e
data,segment_49,14113092261578,False,11.5,0.0154,-0.1298,0.267,0.2812,e2e
data,segment_49,14114096828255,False,11.6,0.0384,-0.1298,0.2475,0.2718,e2e
data,segment_49,14115102599618,False,11.8,0.083,-0.1298,0.2994,0.2458,e2e
data,segment_49,14116094831731,False,12.5,0.173,0.0033,0.2613,0.1684,e2e
data,segment_49,14117094558617,False,12.9,0.1406,-0.0666,0.2306,0.1306,e2e
data,segment_49,14118098954880,False,13.3,0.0862,-0.0931,0.1766,0.06,e2e
data,segment_49,14119097981846,False,13.3,-0.0505,-0.1218,0.201,0.1064,e2e
data,segment_50,14123085128634,False,14.7,0.2167,-0.1114,0.2878,0.1706,e2e
data,segment_50,14124088540920,False,15.2,0.082,-0.1229,0.294,0.2475,e2e
data,segment_50,14125091067359,False,15.4,-0.0402,-0.136,0.193,0.2029,e2e
data,segment_50,14126094567087,False,15.3,-0.0586,-0.136,0.216,0.1935,e2e
data,segment_50,14127086528259,False,15.2,-0.0409,-0.136,0.1933,0.1426,e2e
data,segment_50,14128086785835,False,15.1,-0.0372,-0.1515,0.2031,0.141,e2e
data,segment_50,14129090989589,False,15.1,-0.0225,-0.1515,0.2,0.2753,e2e
data,segment_50,14130092796001,False,14.9,-0.1007,-0.188,0.198,0.3795,e2e
data,segment_50,14131087511943,False,14.8,-0.1125,-0.2566,0.1898,0.3745,e2e
data,segment_50,14132087825083,False,14.3,-0.2071,-0.2911,0.1079,0.3728,cruise
data,segment_50,14133088534403,False,13.5,-0.2429,-0.5943,0.1788,0.37,cruise
data,segment_50,14134091744288,False,12.5,-0.3314,-0.7364,0.2587,0.4078,cruise
data,segment_50,14135094886415,False,10.4,-0.515,-0.7364,0.2846,0.5318,cruise
